id,name,symbol,slug,num_market_pairs,date_added,tags,max_supply,circulating_supply,total_supply,platform,cmc_rank,self_reported_circulating_supply,self_reported_market_cap,tvl_ratio,last_updated,quote
1,Bitcoin,BTC,bitcoin,9727,2013-04-28T00:00:00.000Z,"['mineable', 'pow', 'sha-256', 'store-of-value', 'state-channel', 'coinbase-ventures-portfolio', 'three-arrows-capital-portfolio', 'polychain-capital-portfolio', 'binance-labs-portfolio', 'blockchain-capital-portfolio', 'boostvc-portfolio', 'cms-holdings-portfolio', 'dcg-portfolio', 'dragonfly-capital-portfolio', 'electric-capital-portfolio', 'fabric-ventures-portfolio', 'framework-ventures-portfolio', 'galaxy-digital-portfolio', 'huobi-capital-portfolio', 'alameda-research-portfolio', 'a16z-portfolio', '1confirmation-portfolio', 'winklevoss-capital-portfolio', 'usv-portfolio', 'placeholder-ventures-portfolio', 'pantera-capital-portfolio', 'multicoin-capital-portfolio', 'paradigm-portfolio']",21000000.0,19146787.0,19146787.0,,1,,,,2022-09-10T16:48:00.000Z,"{'USD': {'price': 21311.827949214334, 'volume_24h': 37245289292.13465, 'volume_change_24h': -16.7623, 'percent_change_1h': 0.37950568, 'percent_change_24h': 0.34641154, 'percent_change_7d': 7.49631712, 'percent_change_30d': -12.41512941, 'percent_change_60d': 6.83977692, 'percent_change_90d': -23.75929537, 'market_cap': 408053030324.25366, 'market_cap_dominance': 39.0816, 'fully_diluted_market_cap': 447548386933.5, 'tvl': None, 'last_updated': '2022-09-10T16:48:00.000Z'}}"
1027,Ethereum,ETH,ethereum,6083,2015-08-07T00:00:00.000Z,"['mineable', 'pow', 'smart-contracts', 'ethereum-ecosystem', 'coinbase-ventures-portfolio', 'three-arrows-capital-portfolio', 'polychain-capital-portfolio', 'binance-labs-portfolio', 'blockchain-capital-portfolio', 'boostvc-portfolio', 'cms-holdings-portfolio', 'dcg-portfolio', 'dragonfly-capital-portfolio', 'electric-capital-portfolio', 'fabric-ventures-portfolio', 'framework-ventures-portfolio', 'hashkey-capital-portfolio', 'kenetic-capital-portfolio', 'huobi-capital-portfolio', 'alameda-research-portfolio', 'a16z-portfolio', '1confirmation-portfolio', 'winklevoss-capital-portfolio', 'usv-portfolio', 'placeholder-ventures-portfolio', 'pantera-capital-portfolio', 'multicoin-capital-portfolio', 'paradigm-portfolio', 'injective-ecosystem']",,122315793.4365,122315793.4365,,2,,,,2022-09-10T16:48:00.000Z,"{'USD': {'price': 1721.5708001911637, 'volume_24h': 12658099654.053602, 'volume_change_24h': -36.832, 'percent_change_1h': 0.29387801, 'percent_change_24h': 0.63551448, 'percent_change_7d': 10.82858761, 'percent_change_30d': -9.12474447, 'percent_change_60d': 58.5848719, 'percent_change_90d': 13.73408999, 'market_cap': 210575298382.4924, 'market_cap_dominance': 20.1371, 'fully_diluted_market_cap': 210575298382.49, 'tvl': None, 'last_updated': '2022-09-10T16:48:00.000Z'}}"
825,Tether,USDT,tether,39521,2015-02-25T00:00:00.000Z,"['payments', 'stablecoin', 'asset-backed-stablecoin', 'avalanche-ecosystem', 'solana-ecosystem', 'arbitrum-ecosytem', 'moonriver-ecosystem', 'injective-ecosystem', 'bnb-chain', 'usd-stablecoin']",,67546203603.44136,69156782826.49281,"{'id': 1027, 'name': 'Ethereum', 'symbol': 'ETH', 'slug': 'ethereum', 'token_address': '0xdac17f958d2ee523a2206206994597c13d831ec7'}",3,,,,2022-09-10T16:48:00.000Z,"{'USD': {'price': 1.0003552565113876, 'volume_24h': 55078409609.07621, 'volume_change_24h': -16.3945, 'percent_change_1h': -0.00201559, 'percent_change_24h': 0.01540061, 'percent_change_7d': 0.02958325, 'percent_change_30d': 0.0008289, 'percent_change_60d': 0.11133328, 'percent_change_90d': 0.14579944, 'market_cap': 67570199832.090996, 'market_cap_dominance': 6.4716, 'fully_diluted_market_cap': 69181351223.9, 'tvl': None, 'last_updated': '2022-09-10T16:48:00.000Z'}}"
3408,USD Coin,USDC,usd-coin,6155,2018-10-08T00:00:00.000Z,"['medium-of-exchange', 'stablecoin', 'asset-backed-stablecoin', 'fantom-ecosystem', 'arbitrum-ecosytem', 'moonriver-ecosystem', 'bnb-chain', 'usd-stablecoin']",,51660240439.23739,51660240439.23739,"{'id': 1027, 'name': 'Ethereum', 'symbol': 'ETH', 'slug': 'ethereum', 'token_address': '0xa0b86991c6218b36c1d19d4a2e9eb0ce3606eb48'}",4,,,,2022-09-10T16:48:00.000Z,"{'USD': {'price': 1.0001112592837365, 'volume_24h': 5940349969.176713, 'volume_change_24h': -14.1646, 'percent_change_1h': 0.02625775, 'percent_change_24h': 0.02138826, 'percent_change_7d': -0.00406187, 'percent_change_30d': 0.0130716, 'percent_change_60d': 0.0063158, 'percent_change_90d': 0.01976182, 'market_cap': 51665988120.58631, 'market_cap_dominance': 4.9448, 'fully_diluted_market_cap': 51665988120.59, 'tvl': None, 'last_updated': '2022-09-10T16:48:00.000Z'}}"
1839,BNB,BNB,bnb,1098,2017-07-25T00:00:00.000Z,"['marketplace', 'centralized-exchange', 'payments', 'smart-contracts', 'alameda-research-portfolio', 'multicoin-capital-portfolio', 'moonriver-ecosystem', 'bnb-chain']",200000000.0,161337261.09,161337261.09,,5,,,,2022-09-10T16:48:00.000Z,"{'USD': {'price': 293.44277565701657, 'volume_24h': 852707538.5954111, 'volume_change_24h': -21.0685, 'percent_change_1h': 0.14451954, 'percent_change_24h': 0.75122594, 'percent_change_7d': 5.78373472, 'percent_change_30d': -10.18849782, 'percent_change_60d': 28.72799683, 'percent_change_90d': 11.15562665, 'market_cap': 47343253711.15038, 'market_cap_dominance': 4.5311, 'fully_diluted_market_cap': 58688555131.4, 'tvl': None, 'last_updated': '2022-09-10T16:48:00.000Z'}}"
4687,Binance USD,BUSD,binance-usd,5056,2019-09-20T00:00:00.000Z,"['stablecoin', 'asset-backed-stablecoin', 'binance-chain', 'harmony-ecosystem', 'moonriver-ecosystem', 'usd-stablecoin']",,20003342404.819256,20003342404.819256,"{'id': 1839, 'name': 'BNB', 'symbol': 'BNB', 'slug': 'bnb', 'token_address': 'BUSD-BD1'}",6,,,,2022-09-10T16:48:00.000Z,"{'USD': {'price': 1.000032166735781, 'volume_24h': 10463484314.847162, 'volume_change_24h': -21.4637, 'percent_change_1h': 0.00765612, 'percent_change_24h': 0.00947105, 'percent_change_7d': -0.00065041, 'percent_change_30d': 0.01421143, 'percent_change_60d': -0.00944328, 'percent_change_90d': -0.24916942, 'market_cap': 20003985847.04913, 'market_cap_dominance': 1.9145, 'fully_diluted_market_cap': 20003985847.05, 'tvl': None, 'last_updated': '2022-09-10T16:48:00.000Z'}}"
52,XRP,XRP,xrp,813,2013-08-04T00:00:00.000Z,"['medium-of-exchange', 'enterprise-solutions', 'arrington-xrp-capital-portfolio', 'galaxy-digital-portfolio', 'a16z-portfolio', 'pantera-capital-portfolio']",100000000000.0,49826021773.0,99989302361.0,,7,,,,2022-09-10T16:48:00.000Z,"{'USD': {'price': 0.35523675421249196, 'volume_24h': 1004542938.4331651, 'volume_change_24h': -29.1205, 'percent_change_1h': -0.38452788, 'percent_change_24h': 2.59841342, 'percent_change_7d': 7.32174938, 'percent_change_30d': -6.56301769, 'percent_change_60d': 12.91765322, 'percent_change_90d': -1.24254849, 'market_cap': 17700034249.961475, 'market_cap_dominance': 1.6926, 'fully_diluted_market_cap': 35523675421.25, 'tvl': None, 'last_updated': '2022-09-10T16:48:00.000Z'}}"
2010,Cardano,ADA,cardano,568,2017-10-01T00:00:00.000Z,"['dpos', 'pos', 'platform', 'research', 'smart-contracts', 'staking', 'cardano-ecosystem', 'cardano']",45000000000.0,34182044152.629,34854947575.48,,8,,,,2022-09-10T16:48:00.000Z,"{'USD': {'price': 0.5133598415232375, 'volume_24h': 988215883.8013303, 'volume_change_24h': 19.8238, 'percent_change_1h': -0.34298927, 'percent_change_24h': 4.18671443, 'percent_change_7d': 6.45467531, 'percent_change_30d': -4.57837934, 'percent_change_60d': 17.62570405, 'percent_change_90d': -3.31549957, 'market_cap': 17547688769.133934, 'market_cap_dominance': 1.6794, 'fully_diluted_market_cap': 23101192868.55, 'tvl': None, 'last_updated': '2022-09-10T16:48:00.000Z'}}"
5426,Solana,SOL,solana,380,2020-04-10T00:00:00.000Z,"['pos', 'platform', 'solana-ecosystem', 'cms-holdings-portfolio', 'kenetic-capital-portfolio', 'alameda-research-portfolio', 'multicoin-capital-portfolio', 'okex-blockdream-ventures-portfolio']",,353117830.5162974,511616946.142289,,9,,,,2022-09-10T16:48:00.000Z,"{'USD': {'price': 34.613809093967966, 'volume_24h': 797400480.0213622, 'volume_change_24h': -28.9676, 'percent_change_1h': 0.41559443, 'percent_change_24h': -0.32044074, 'percent_change_7d': 11.12602948, 'percent_change_30d': -20.85490985, 'percent_change_60d': 0.66695124, 'percent_change_90d': 2.2763657, 'market_cap': 12222753173.167253, 'market_cap_dominance': 1.1698, 'fully_diluted_market_cap': 17709011303.01, 'tvl': None, 'last_updated': '2022-09-10T16:48:00.000Z'}}"
6636,Polkadot,DOT,polkadot-new,408,2020-08-19T00:00:00.000Z,"['substrate', 'polkadot', 'binance-chain', 'polkadot-ecosystem', 'three-arrows-capital-portfolio', 'polychain-capital-portfolio', 'arrington-xrp-capital-portfolio', 'blockchain-capital-portfolio', 'boostvc-portfolio', 'cms-holdings-portfolio', 'coinfund-portfolio', 'fabric-ventures-portfolio', 'fenbushi-capital-portfolio', 'hashkey-capital-portfolio', 'kenetic-capital-portfolio', '1confirmation-portfolio', 'placeholder-ventures-portfolio', 'pantera-capital-portfolio', 'exnetwork-capital-portfolio', 'web3', 'spartan-group', 'injective-ecosystem', 'bnb-chain']",,1115571579.0968475,1230995249.4220273,,10,904869778.0,6977821793.926613,,2022-09-10T16:48:00.000Z,"{'USD': {'price': 7.7114099327634005, 'volume_24h': 347845939.7084259, 'volume_change_24h': -27.0737, 'percent_change_1h': 0.74822537, 'percent_change_24h': -1.77888848, 'percent_change_7d': 6.07801792, 'percent_change_30d': -17.09473782, 'percent_change_60d': 17.82496194, 'percent_change_90d': -2.40566716, 'market_cap': 8602629755.755981, 'market_cap_dominance': 0.8233, 'fully_diluted_market_cap': 9492708993.58, 'tvl': None, 'last_updated': '2022-09-10T16:48:00.000Z'}}"
74,Dogecoin,DOGE,dogecoin,560,2013-12-15T00:00:00.000Z,"['mineable', 'pow', 'scrypt', 'medium-of-exchange', 'memes', 'payments', 'doggone-doggerel', 'bnb-chain']",,132670764299.89409,132670764299.89409,,11,,,,2022-09-10T16:48:00.000Z,"{'USD': {'price': 0.06398664417984495, 'volume_24h': 420133492.3723196, 'volume_change_24h': -3.1428, 'percent_change_1h': 0.09701925, 'percent_change_24h': 0.78331987, 'percent_change_7d': 1.91741059, 'percent_change_30d': -10.83412242, 'percent_change_60d': 3.3049593, 'percent_change_90d': -4.66438816, 'market_cap': 8489156988.325399, 'market_cap_dominance': 0.8125, 'fully_diluted_market_cap': 8489156988.33, 'tvl': None, 'last_updated': '2022-09-10T16:48:00.000Z'}}"
3890,Polygon,MATIC,polygon,482,2019-04-28T00:00:00.000Z,"['platform', 'enterprise-solutions', 'scaling', 'state-channel', 'coinbase-ventures-portfolio', 'binance-launchpad', 'binance-labs-portfolio', 'polygon-ecosystem', 'moonriver-ecosystem', 'injective-ecosystem']",10000000000.0,8734317475.28493,10000000000.0,,12,,,,2022-09-10T16:48:00.000Z,"{'USD': {'price': 0.8911608324154728, 'volume_24h': 360588191.5054971, 'volume_change_24h': -15.4273, 'percent_change_1h': 0.4079964, 'percent_change_24h': 0.78992034, 'percent_change_7d': 1.12097776, 'percent_change_30d': -4.14895356, 'percent_change_60d': 53.94875609, 'percent_change_90d': 67.14181412, 'market_cap': 7783681631.855928, 'market_cap_dominance': 0.7455, 'fully_diluted_market_cap': 8911608324.15, 'tvl': None, 'last_updated': '2022-09-10T16:48:00.000Z'}}"
5994,Shiba Inu,SHIB,shiba-inu,413,2020-08-01T00:00:00.000Z,"['memes', 'ethereum-ecosystem', 'doggone-doggerel']",,549063278876301.94,589735030408322.8,"{'id': 1027, 'name': 'Ethereum', 'symbol': 'ETH', 'slug': 'ethereum', 'token_address': '0x95ad61b0a150d79219dcf64e1e6cc01f0b64c4ce'}",13,,,,2022-09-10T16:48:00.000Z,"{'USD': {'price': 1.3044968144851239e-05, 'volume_24h': 628219866.9270256, 'volume_change_24h': -22.6619, 'percent_change_1h': 0.41787357, 'percent_change_24h': 1.93665225, 'percent_change_7d': 6.17119633, 'percent_change_30d': 4.38434912, 'percent_change_60d': 24.88818559, 'percent_change_90d': 42.49260139, 'market_cap': 7162512982.448931, 'market_cap_dominance': 0.6855, 'fully_diluted_market_cap': 7693074685.58, 'tvl': None, 'last_updated': '2022-09-10T16:48:00.000Z'}}"
4943,Dai,DAI,multi-collateral-dai,1327,2019-11-22T00:00:00.000Z,"['defi', 'stablecoin', 'asset-backed-stablecoin', 'ethereum-ecosystem', 'avalanche-ecosystem', 'polygon-ecosystem', 'fantom-ecosystem', 'arbitrum-ecosytem', 'harmony-ecosystem', 'moonriver-ecosystem', 'bnb-chain', 'usd-stablecoin']",,6903280827.582484,6903280827.582484,"{'id': 1027, 'name': 'Ethereum', 'symbol': 'ETH', 'slug': 'ethereum', 'token_address': '0x6b175474e89094c44da98b954eedeac495271d0f'}",14,,,,2022-09-10T16:48:00.000Z,"{'USD': {'price': 1.000148746862749, 'volume_24h': 330242810.2280483, 'volume_change_24h': -25.8671, 'percent_change_1h': 0.0416476, 'percent_change_24h': 0.04232174, 'percent_change_7d': 0.02420576, 'percent_change_30d': 0.09760123, 'percent_change_60d': -0.01551408, 'percent_change_90d': -0.02968835, 'market_cap': 6904307668.948262, 'market_cap_dominance': 0.6603, 'fully_diluted_market_cap': 6904307668.95, 'tvl': None, 'last_updated': '2022-09-10T16:48:00.000Z'}}"
5805,Avalanche,AVAX,avalanche,311,2020-07-13T00:00:00.000Z,"['defi', 'smart-contracts', 'three-arrows-capital-portfolio', 'polychain-capital-portfolio', 'avalanche-ecosystem', 'cms-holdings-portfolio', 'dragonfly-capital-portfolio', 'moonriver-ecosystem', 'injective-ecosystem']",720000000.0,295658507.09923124,404229626.49901325,,15,,,,2022-09-10T16:48:00.000Z,"{'USD': {'price': 20.252961398476344, 'volume_24h': 370268243.60866493, 'volume_change_24h': -6.8559, 'percent_change_1h': 0.42624061, 'percent_change_24h': -0.04967878, 'percent_change_7d': 7.34550631, 'percent_change_30d': -29.85172429, 'percent_change_60d': 12.45920266, 'percent_change_90d': 7.49300266, 'market_cap': 5987960331.411875, 'market_cap_dominance': 0.5726, 'fully_diluted_market_cap': 14582132206.9, 'tvl': None, 'last_updated': '2022-09-10T16:48:00.000Z'}}"
1958,TRON,TRX,tron,684,2017-09-13T00:00:00.000Z,"['media', 'payments', 'tron-ecosystem']",,92370431716.23549,92370434110.05286,,16,71659659264.0,4605793196.339182,,2022-09-10T16:48:00.000Z,"{'USD': {'price': 0.0642731662925031, 'volume_24h': 396846238.18739486, 'volume_change_24h': -12.2045, 'percent_change_1h': 0.66710911, 'percent_change_24h': 1.77883852, 'percent_change_7d': 2.18830524, 'percent_change_30d': -8.967069, 'percent_change_60d': -1.85860761, 'percent_change_90d': -17.56655117, 'market_cap': 5936940118.207906, 'market_cap_dominance': 0.5682, 'fully_diluted_market_cap': 5936940272.07, 'tvl': None, 'last_updated': '2022-09-10T16:48:00.000Z'}}"
3717,Wrapped Bitcoin,WBTC,wrapped-bitcoin,598,2019-01-30T00:00:00.000Z,"['medium-of-exchange', 'defi', 'wrapped-tokens', 'fantom-ecosystem', 'arbitrum-ecosytem', 'moonriver-ecosystem']",,248858.31875398,248858.31875398,"{'id': 1027, 'name': 'Ethereum', 'symbol': 'ETH', 'slug': 'ethereum', 'token_address': '0x2260fac5e5542a773aa44fbcfedf7c193bc2c599'}",17,,,,2022-09-10T16:48:00.000Z,"{'USD': {'price': 21299.796238930696, 'volume_24h': 116222885.60210148, 'volume_change_24h': -50.284, 'percent_change_1h': 0.28486227, 'percent_change_24h': 0.56385671, 'percent_change_7d': 7.44694039, 'percent_change_30d': -12.5081245, 'percent_change_60d': 6.84285978, 'percent_change_90d': -23.78055177, 'market_cap': 5300631481.822639, 'market_cap_dominance': 0.5073, 'fully_diluted_market_cap': 5300631481.82, 'tvl': None, 'last_updated': '2022-09-10T16:48:00.000Z'}}"
1321,Ethereum Classic,ETC,ethereum-classic,341,2016-07-24T00:00:00.000Z,"['mineable', 'pow', 'ethash', 'platform', 'smart-contracts', 'dcg-portfolio']",210700000.0,136794197.61707363,210700000.0,,18,,,,2022-09-10T16:48:00.000Z,"{'USD': {'price': 38.490681987258455, 'volume_24h': 1073905060.9340713, 'volume_change_24h': -29.3853, 'percent_change_1h': 0.34037657, 'percent_change_24h': -0.42923064, 'percent_change_7d': 18.80051958, 'percent_change_30d': -10.4890059, 'percent_change_60d': 168.80945593, 'percent_change_90d': 117.69778029, 'market_cap': 5265301958.180969, 'market_cap_dominance': 0.5039, 'fully_diluted_market_cap': 8109986694.72, 'tvl': None, 'last_updated': '2022-09-10T16:48:00.000Z'}}"
7083,Uniswap,UNI,uniswap,472,2020-09-17T00:00:00.000Z,"['decentralized-exchange', 'defi', 'dao', 'yield-farming', 'amm', 'coinbase-ventures-portfolio', 'three-arrows-capital-portfolio', 'governance', 'blockchain-capital-portfolio', 'defiance-capital-portfolio', 'alameda-research-portfolio', 'a16z-portfolio', 'pantera-capital-portfolio', 'parafi-capital', 'paradigm-portfolio', 'arbitrum-ecosytem', 'injective-ecosystem']",1000000000.0,745894889.5147561,1000000000.0,"{'id': 1027, 'name': 'Ethereum', 'symbol': 'ETH', 'slug': 'ethereum', 'token_address': '0x1f9840a85d5af5bf1d1762f925bdaddc4201f984'}",19,,,0.86355697,2022-09-10T16:48:00.000Z,"{'USD': {'price': 6.539310055901818, 'volume_24h': 136859269.81972447, 'volume_change_24h': -3.4589, 'percent_change_1h': 0.51218266, 'percent_change_24h': -0.06573126, 'percent_change_7d': 3.59737927, 'percent_change_30d': -29.19965309, 'percent_change_60d': 12.67192158, 'percent_change_90d': 48.86057247, 'market_cap': 4877637951.64962, 'market_cap_dominance': 0.4668, 'fully_diluted_market_cap': 6539310055.9, 'tvl': 5648310551.50939, 'last_updated': '2022-09-10T16:48:00.000Z'}}"
3957,UNUS SED LEO,LEO,unus-sed-leo,20,2019-05-21T00:00:00.000Z,"['marketplace', 'centralized-exchange', 'discount-token', 'payments', 'kenetic-capital-portfolio', 'alameda-research-portfolio']",,953954130.0,985239504.0,"{'id': 1027, 'name': 'Ethereum', 'symbol': 'ETH', 'slug': 'ethereum', 'token_address': '0x2af5d2ad76741191d15dfe7bf6ac92d4bd912ca3'}",20,,,,2022-09-10T16:48:00.000Z,"{'USD': {'price': 4.97356027853182, 'volume_24h': 3488071.49884093, 'volume_change_24h': -11.2221, 'percent_change_1h': 0.09867549, 'percent_change_24h': -1.20534322, 'percent_change_7d': -5.24480323, 'percent_change_30d': 4.76670582, 'percent_change_60d': -7.24895121, 'percent_change_90d': -9.50793243, 'market_cap': 4744548368.509379, 'market_cap_dominance': 0.4544, 'fully_diluted_market_cap': 4900148061.93, 'tvl': None, 'last_updated': '2022-09-10T16:48:00.000Z'}}"
2,Litecoin,LTC,litecoin,826,2013-04-28T00:00:00.000Z,"['mineable', 'pow', 'scrypt', 'medium-of-exchange']",84000000.0,71139693.77579072,84000000.0,,21,,,,2022-09-10T16:48:00.000Z,"{'USD': {'price': 64.19021413731414, 'volume_24h': 603807951.3822335, 'volume_change_24h': 3.3766, 'percent_change_1h': 0.29221747, 'percent_change_24h': 5.79384313, 'percent_change_7d': 5.29954324, 'percent_change_30d': 2.87927857, 'percent_change_60d': 31.42842316, 'percent_change_90d': 25.40710438, 'market_cap': 4566472177.13096, 'market_cap_dominance': 0.4374, 'fully_diluted_market_cap': 5391977987.53, 'tvl': None, 'last_updated': '2022-09-10T16:48:00.000Z'}}"
3794,Cosmos,ATOM,cosmos,340,2019-03-14T00:00:00.000Z,"['platform', 'cosmos-ecosystem', 'content-creation', 'interoperability', 'polychain-capital-portfolio', 'dragonfly-capital-portfolio', 'hashkey-capital-portfolio', '1confirmation-portfolio', 'paradigm-portfolio', 'exnetwork-capital-portfolio', 'injective-ecosystem']",,286370297.0,0.0,,22,,,,2022-09-10T16:48:00.000Z,"{'USD': {'price': 15.773894446251377, 'volume_24h': 697998856.2025661, 'volume_change_24h': -99.944, 'percent_change_1h': -0.20903949, 'percent_change_24h': -1.1779477, 'percent_change_7d': 27.34535771, 'percent_change_30d': 32.28890586, 'percent_change_60d': 92.84562087, 'percent_change_90d': 108.13568949, 'market_cap': 4517174837.419658, 'market_cap_dominance': 0.432, 'fully_diluted_market_cap': 0, 'tvl': None, 'last_updated': '2022-09-10T16:48:00.000Z'}}"
1975,Chainlink,LINK,chainlink,773,2017-09-20T00:00:00.000Z,"['platform', 'defi', 'oracles', 'smart-contracts', 'substrate', 'polkadot', 'polkadot-ecosystem', 'avalanche-ecosystem', 'solana-ecosystem', 'framework-ventures-portfolio', 'polygon-ecosystem', 'fantom-ecosystem', 'cardano-ecosystem', 'web3', 'near-protocol-ecosystem', 'arbitrum-ecosytem', 'cardano', 'injective-ecosystem']",1000000000.0,491599970.4527867,1000000000.0,"{'id': 1027, 'name': 'Ethereum', 'symbol': 'ETH', 'slug': 'ethereum', 'token_address': '0x514910771af9ca656af840dff83e8264ecf986ca'}",23,,,,2022-09-10T16:48:00.000Z,"{'USD': {'price': 7.894034467483852, 'volume_24h': 455180867.64237887, 'volume_change_24h': -26.8665, 'percent_change_1h': 2.02056209, 'percent_change_24h': 1.25961199, 'percent_change_7d': 15.55378343, 'percent_change_30d': -11.56756814, 'percent_change_60d': 27.47608378, 'percent_change_90d': 14.02101196, 'market_cap': 3880707110.9683414, 'market_cap_dominance': 0.3714, 'fully_diluted_market_cap': 7894034467.48, 'tvl': None, 'last_updated': '2022-09-10T16:48:00.000Z'}}"
6535,NEAR Protocol,NEAR,near-protocol,182,2020-08-11T00:00:00.000Z,"['platform', 'staking', 'coinbase-ventures-portfolio', 'three-arrows-capital-portfolio', 'arrington-xrp-capital-portfolio', 'coinfund-portfolio', 'electric-capital-portfolio', 'fabric-ventures-portfolio', 'kenetic-capital-portfolio', 'near-protocol-ecosystem', 'injective-ecosystem']",1000000000.0,780250294.0,1000000000.0,,24,,,,2022-09-10T16:48:00.000Z,"{'USD': {'price': 4.7244634899008, 'volume_24h': 300477896.44609654, 'volume_change_24h': -16.5819, 'percent_change_1h': 0.78001633, 'percent_change_24h': -0.53343313, 'percent_change_7d': 13.05240993, 'percent_change_30d': -18.72018839, 'percent_change_60d': 42.6549814, 'percent_change_90d': 18.63651205, 'market_cap': 3686264026.9873652, 'market_cap_dominance': 0.3525, 'fully_diluted_market_cap': 4724463489.9, 'tvl': None, 'last_updated': '2022-09-10T16:48:00.000Z'}}"
4195,FTX Token,FTT,ftx-token,140,2019-07-31T00:00:00.000Z,"['marketplace', 'centralized-exchange', 'derivatives', 'cms-holdings-portfolio', 'kenetic-capital-portfolio', 'alameda-research-portfolio', 'pantera-capital-portfolio', 'exnetwork-capital-portfolio']",352170015.0,134088740.45999673,329958076.5272245,"{'id': 1839, 'name': 'BNB', 'symbol': 'BNB', 'slug': 'bnb', 'token_address': 'FTT-F11'}",25,,,,2022-09-10T16:48:00.000Z,"{'USD': {'price': 27.264883455209148, 'volume_24h': 68201537.65146044, 'volume_change_24h': -21.3053, 'percent_change_1h': 0.40554832, 'percent_change_24h': -0.88169567, 'percent_change_7d': 4.19928321, 'percent_change_30d': -12.6379844, 'percent_change_60d': 9.64482491, 'percent_change_90d': -5.90282921, 'market_cap': 3655913881.2975984, 'market_cap_dominance': 0.3501, 'fully_diluted_market_cap': 9601874415.39, 'tvl': None, 'last_updated': '2022-09-10T16:48:00.000Z'}}"
3635,Cronos,CRO,cronos,159,2018-12-14T00:00:00.000Z,"['medium-of-exchange', 'cosmos-ecosystem', 'centralized-exchange', 'mobile', 'payments']",30263013692.0,25263013692.0,30263013692.0,"{'id': 1027, 'name': 'Ethereum', 'symbol': 'ETH', 'slug': 'ethereum', 'token_address': '0xa0b73e1ff0b80914ab6fe0444e65848c4c34450b'}",26,,,,2022-09-10T16:48:00.000Z,"{'USD': {'price': 0.12169455413573722, 'volume_24h': 16286991.78648038, 'volume_change_24h': -34.4584, 'percent_change_1h': -0.31539215, 'percent_change_24h': 1.35655467, 'percent_change_7d': 2.12453078, 'percent_change_30d': -20.06442816, 'percent_change_60d': 7.11245169, 'percent_change_90d': -17.23603321, 'market_cap': 3074371187.372965, 'market_cap_dominance': 0.2942, 'fully_diluted_market_cap': 3682843958.05, 'tvl': None, 'last_updated': '2022-09-10T16:48:00.000Z'}}"
512,Stellar,XLM,stellar,452,2014-08-05T00:00:00.000Z,"['medium-of-exchange', 'enterprise-solutions', 'decentralized-exchange', 'smart-contracts', 'hashkey-capital-portfolio']",50001806812.0,25328347327.6122,50001787595.143166,,27,,,,2022-09-10T16:48:00.000Z,"{'USD': {'price': 0.11462095257144106, 'volume_24h': 139756695.96074814, 'volume_change_24h': 0.7443, 'percent_change_1h': 1.01580133, 'percent_change_24h': 3.72238369, 'percent_change_7d': 9.78505013, 'percent_change_30d': -8.46663188, 'percent_change_60d': 11.54766418, 'percent_change_90d': -7.815241, 'market_cap': 2903159297.751224, 'market_cap_dominance': 0.2776, 'fully_diluted_market_cap': 5731254727.08, 'tvl': None, 'last_updated': '2022-09-10T16:48:00.000Z'}}"
328,Monero,XMR,monero,187,2014-05-21T00:00:00.000Z,"['mineable', 'pow', 'medium-of-exchange', 'privacy', 'ringct', 'boostvc-portfolio', 'electric-capital-portfolio', 'galaxy-digital-portfolio']",,18172586.48310022,18172586.48310022,,28,,,,2022-09-10T16:48:00.000Z,"{'USD': {'price': 158.47291580814166, 'volume_24h': 78791400.93003176, 'volume_change_24h': -21.3389, 'percent_change_1h': 0.41831348, 'percent_change_24h': 1.64998642, 'percent_change_7d': 2.82052858, 'percent_change_30d': -2.32428212, 'percent_change_60d': 23.67788987, 'percent_change_90d': -2.25205357, 'market_cap': 2879862767.7525144, 'market_cap_dominance': 0.2756, 'fully_diluted_market_cap': 2879862767.75, 'tvl': None, 'last_updated': '2022-09-10T16:48:00.000Z'}}"
4172,Terra Classic,LUNC,terra-luna,338,2019-07-26T00:00:00.000Z,"['cosmos-ecosystem', 'store-of-value', 'defi', 'payments', 'coinbase-ventures-portfolio', 'binance-labs-portfolio', 'solana-ecosystem', 'arrington-xrp-capital-portfolio', 'hashkey-capital-portfolio', 'kenetic-capital-portfolio', 'huobi-capital-portfolio', 'pantera-capital-portfolio', 'terra-ecosystem']",,6151072613161.0,6904017889662.0,,29,,,,2022-09-10T16:48:00.000Z,"{'USD': {'price': 0.00046286024341085603, 'volume_24h': 2011897451.9347045, 'volume_change_24h': -32.2215, 'percent_change_1h': -0.62358335, 'percent_change_24h': 5.15138955, 'percent_change_7d': 79.75091577, 'percent_change_30d': 372.36393355, 'percent_change_60d': 369.87859002, 'percent_change_90d': 529.76163009, 'market_cap': 2847086966.965551, 'market_cap_dominance': 0.2725, 'fully_diluted_market_cap': 3195595400.92, 'tvl': None, 'last_updated': '2022-09-10T16:48:00.000Z'}}"
1831,Bitcoin Cash,BCH,bitcoin-cash,635,2017-07-23T00:00:00.000Z,"['mineable', 'pow', 'sha-256', 'marketplace', 'medium-of-exchange', 'store-of-value', 'enterprise-solutions', 'payments']",21000000.0,19170018.75,19170018.75,,30,,,,2022-09-10T16:48:00.000Z,"{'USD': {'price': 132.49823140659944, 'volume_24h': 304440001.4968073, 'volume_change_24h': -36.66, 'percent_change_1h': -0.55348264, 'percent_change_24h': -1.05232888, 'percent_change_7d': 12.17381734, 'percent_change_30d': -8.07758052, 'percent_change_60d': 31.87530992, 'percent_change_90d': -14.06878497, 'market_cap': 2539993580.40635, 'market_cap_dominance': 0.2433, 'fully_diluted_market_cap': 2782462859.54, 'tvl': None, 'last_updated': '2022-09-10T16:48:00.000Z'}}"
4030,Algorand,ALGO,algorand,247,2019-06-20T00:00:00.000Z,"['pos', 'platform', 'research', 'smart-contracts', 'arrington-xrp-capital-portfolio', 'kenetic-capital-portfolio', 'usv-portfolio', 'multicoin-capital-portfolio', 'exnetwork-capital-portfolio']",10000000000.0,6910015852.169658,7328296210.219716,,31,,,,2022-09-10T16:48:00.000Z,"{'USD': {'price': 0.32233693180684647, 'volume_24h': 92356944.09356296, 'volume_change_24h': -4.204, 'percent_change_1h': 0.3424953, 'percent_change_24h': 1.61886893, 'percent_change_7d': 6.79610089, 'percent_change_30d': -11.76669815, 'percent_change_60d': 6.06268732, 'percent_change_90d': -5.78660091, 'market_cap': 2227353308.525039, 'market_cap_dominance': 0.2132, 'fully_diluted_market_cap': 3223369318.07, 'tvl': None, 'last_updated': '2022-09-10T16:48:00.000Z'}}"
4558,Flow,FLOW,flow,89,2021-01-27T00:00:00.000Z,"['collectibles-nfts', 'coinbase-ventures-portfolio', 'coinfund-portfolio', 'dcg-portfolio', 'ledgerprime-portfolio', 'a16z-portfolio', 'animoca-brands-portfolio']",,1036200000.0,1390757889.0,,32,,,,2022-09-10T16:48:00.000Z,"{'USD': {'price': 2.0931397481905365, 'volume_24h': 105805327.61321503, 'volume_change_24h': -29.1979, 'percent_change_1h': 0.3854031, 'percent_change_24h': -1.61543804, 'percent_change_7d': 8.23413867, 'percent_change_30d': -30.97284492, 'percent_change_60d': 39.14325066, 'percent_change_90d': 8.63617161, 'market_cap': 2168911407.075034, 'market_cap_dominance': 0.2076, 'fully_diluted_market_cap': 2911050617.58, 'tvl': None, 'last_updated': '2022-09-10T16:48:00.000Z'}}"
3077,VeChain,VET,vechain,197,2017-08-22T00:00:00.000Z,"['logistics', 'data-provenance', 'iot', 'smart-contracts', 'fenbushi-capital-portfolio']",86712634466.0,72511146418.0,85985041177.0,,33,72511146418.0,1860560279.2641106,,2022-09-10T16:48:00.000Z,"{'USD': {'price': 0.02565895550097453, 'volume_24h': 70231009.20994602, 'volume_change_24h': -19.4513, 'percent_change_1h': 0.54010499, 'percent_change_24h': 1.69575679, 'percent_change_7d': 6.02006604, 'percent_change_30d': -22.16226518, 'percent_change_60d': 15.99277431, 'percent_change_90d': -5.59573419, 'market_cap': 1860560279.2641106, 'market_cap_dominance': 0.1782, 'fully_diluted_market_cap': 2224955629.14, 'tvl': None, 'last_updated': '2022-09-10T16:48:00.000Z'}}"
8916,Internet Computer,ICP,internet-computer,131,2021-03-23T00:00:00.000Z,"['platform', 'distributed-computing', 'polychain-capital-portfolio', 'exnetwork-capital-portfolio']",,259750995.85801098,488508776.41603994,,34,259750995.85801098,1842328894.0196173,,2022-09-10T16:48:00.000Z,"{'USD': {'price': 7.0926730730483865, 'volume_24h': 77035031.06111723, 'volume_change_24h': -5.4422, 'percent_change_1h': 0.87318299, 'percent_change_24h': 1.71536651, 'percent_change_7d': 8.84684297, 'percent_change_30d': -14.85758307, 'percent_change_60d': 8.490612, 'percent_change_90d': 14.04712717, 'market_cap': 1842328894.0196173, 'market_cap_dominance': 0.1763, 'fully_diluted_market_cap': 3464833044.43, 'tvl': None, 'last_updated': '2022-09-10T16:48:00.000Z'}}"
1765,EOS,EOS,eos,483,2017-07-01T00:00:00.000Z,"['medium-of-exchange', 'enterprise-solutions', 'smart-contracts', 'fenbushi-capital-portfolio', 'galaxy-digital-portfolio']",,1000237505.3224,1061006819.1993,,35,,,,2022-09-10T16:48:00.000Z,"{'USD': {'price': 1.7913204895668828, 'volume_24h': 757083733.1027063, 'volume_change_24h': 25.6889, 'percent_change_1h': -0.87317697, 'percent_change_24h': 8.61195371, 'percent_change_7d': 17.61920756, 'percent_change_30d': 36.24395045, 'percent_change_60d': 89.13534455, 'percent_change_90d': 63.46436602, 'market_cap': 1791745937.7172792, 'market_cap_dominance': 0.1715, 'fully_diluted_market_cap': 1900603254.8, 'tvl': None, 'last_updated': '2022-09-10T16:48:00.000Z'}}"
2280,Filecoin,FIL,filecoin,241,2017-12-13T00:00:00.000Z,"['mineable', 'distributed-computing', 'filesharing', 'storage', 'polychain-capital-portfolio', 'blockchain-capital-portfolio', 'boostvc-portfolio', 'dcg-portfolio', 'hashkey-capital-portfolio', 'a16z-portfolio', 'winklevoss-capital-portfolio', 'pantera-capital-portfolio', 'web3']",,279011690.0,279011690.0,,36,,,,2022-09-10T16:48:00.000Z,"{'USD': {'price': 6.299208288911921, 'volume_24h': 274417392.1914342, 'volume_change_24h': -7.1489, 'percent_change_1h': 0.78841244, 'percent_change_24h': -0.82985764, 'percent_change_7d': -2.80923302, 'percent_change_30d': -26.28103369, 'percent_change_60d': 19.88602213, 'percent_change_90d': 4.36614226, 'market_cap': 1757552750.3513234, 'market_cap_dominance': 0.1682, 'fully_diluted_market_cap': 1757552750.35, 'tvl': None, 'last_updated': '2022-09-10T16:48:00.000Z'}}"
18876,ApeCoin,APE,apecoin-ape,194,2022-03-17T12:26:36.000Z,"['collectibles-nfts', 'content-creation', 'gaming', 'entertainment', 'dao', 'governance', 'metaverse', 'animoca-brands-portfolio']",1000000000.0,306875000.0,1000000000.0,"{'id': 1027, 'name': 'Ethereum', 'symbol': 'ETH', 'slug': 'ethereum', 'token_address': '0x4d224452801aced8b2f0aebe155379bb5d594381'}",37,314218750.0,1579403837.5540786,,2022-09-10T16:48:00.000Z,"{'USD': {'price': 5.026446822648484, 'volume_24h': 205382999.52440512, 'volume_change_24h': -37.5903, 'percent_change_1h': 0.19588909, 'percent_change_24h': -1.5358732, 'percent_change_7d': 6.01952011, 'percent_change_30d': -27.66411658, 'percent_change_60d': 15.14406994, 'percent_change_90d': 15.93372903, 'market_cap': 1542490868.7002537, 'market_cap_dominance': 0.1476, 'fully_diluted_market_cap': 5026446822.65, 'tvl': None, 'last_updated': '2022-09-10T16:48:00.000Z'}}"
2011,Tezos,XTZ,tezos,236,2017-10-06T00:00:00.000Z,"['pos', 'platform', 'enterprise-solutions', 'collectibles-nfts', 'defi', 'smart-contracts', 'polychain-capital-portfolio', 'boostvc-portfolio', 'winklevoss-capital-portfolio']",,908474235.722983,929974841.307155,,38,,,,2022-09-10T16:48:00.000Z,"{'USD': {'price': 1.6678358880372206, 'volume_24h': 36428807.83271446, 'volume_change_24h': -41.3413, 'percent_change_1h': -0.14717329, 'percent_change_24h': 2.73920538, 'percent_change_7d': 10.59208388, 'percent_change_30d': -14.00970735, 'percent_change_60d': 9.48092502, 'percent_change_90d': -5.30997344, 'market_cap': 1515185933.6959767, 'market_cap_dominance': 0.1451, 'fully_diluted_market_cap': 1551045415.3, 'tvl': None, 'last_updated': '2022-09-10T16:48:00.000Z'}}"
1966,Decentraland,MANA,decentraland,302,2017-09-17T00:00:00.000Z,"['platform', 'collectibles-nfts', 'gaming', 'payments', 'metaverse', 'boostvc-portfolio', 'dcg-portfolio', 'fabric-ventures-portfolio', 'kenetic-capital-portfolio', 'polygon-ecosystem', 'play-to-earn']",,1855088591.7804768,2193543427.320146,"{'id': 1027, 'name': 'Ethereum', 'symbol': 'ETH', 'slug': 'ethereum', 'token_address': '0x0f5d2fb29fb7d3cfee444a200298f468908cc942'}",39,,,,2022-09-10T16:48:00.000Z,"{'USD': {'price': 0.8135354903603144, 'volume_24h': 168225265.5243473, 'volume_change_24h': -0.1657, 'percent_change_1h': 0.28733024, 'percent_change_24h': 1.78910515, 'percent_change_7d': 4.38544351, 'percent_change_30d': -23.7067044, 'percent_change_60d': -0.7940153, 'percent_change_90d': -3.80197475, 'market_cap': 1509180407.1759553, 'market_cap_dominance': 0.1444, 'fully_diluted_market_cap': 1784525427.77, 'tvl': None, 'last_updated': '2022-09-10T16:48:00.000Z'}}"
6210,The Sandbox,SAND,the-sandbox,267,2020-08-05T00:00:00.000Z,"['collectibles-nfts', 'content-creation', 'gaming', 'ethereum-ecosystem', 'binance-launchpad', 'metaverse', 'play-to-earn', 'animoca-brands-portfolio']",3000000000.0,1499470108.2233226,3000000000.0,"{'id': 1027, 'name': 'Ethereum', 'symbol': 'ETH', 'slug': 'ethereum', 'token_address': '0x3845badAde8e6dFF049820680d1F14bD3903a5d0'}",40,,,,2022-09-10T16:48:00.000Z,"{'USD': {'price': 0.9928475811992709, 'volume_24h': 299771800.8060678, 'volume_change_24h': 16.8561, 'percent_change_1h': 1.27162342, 'percent_change_24h': 2.76518591, 'percent_change_7d': 7.051456, 'percent_change_30d': -25.41325373, 'percent_change_60d': -13.08601018, 'percent_change_90d': -2.96512892, 'market_cap': 1488745270.0301347, 'market_cap_dominance': 0.1425, 'fully_diluted_market_cap': 2978542743.6, 'tvl': None, 'last_updated': '2022-09-10T16:48:00.000Z'}}"
4642,Hedera,HBAR,hedera,111,2019-09-17T00:00:00.000Z,"['dag', 'marketplace', 'enterprise-solutions', 'payments', 'dcg-portfolio']",50000000000.0,21084776583.751095,50000000000.0,,41,19389577881.0,1236871477.5431645,,2022-09-10T16:48:00.000Z,"{'USD': {'price': 0.0637905314460293, 'volume_24h': 28036657.9476611, 'volume_change_24h': -14.1632, 'percent_change_1h': 0.39748896, 'percent_change_24h': 1.19243163, 'percent_change_7d': 3.4713062, 'percent_change_30d': -22.86901545, 'percent_change_60d': 3.23085459, 'percent_change_90d': -13.84442487, 'market_cap': 1345009103.6982763, 'market_cap_dominance': 0.1287, 'fully_diluted_market_cap': 3189526572.3, 'tvl': None, 'last_updated': '2022-09-10T16:48:00.000Z'}}"
7278,Aave,AAVE,aave,412,2020-10-02T00:00:00.000Z,"['defi', 'dao', 'yield-farming', 'three-arrows-capital-portfolio', 'governance', 'lending-borowing', 'blockchain-capital-portfolio', 'defiance-capital-portfolio', 'framework-ventures-portfolio', 'alameda-research-portfolio', 'pantera-capital-portfolio', 'parafi-capital', 'polygon-ecosystem', 'fantom-ecosystem']",16000000.0,14089352.07464345,16000000.0,"{'id': 1027, 'name': 'Ethereum', 'symbol': 'ETH', 'slug': 'ethereum', 'token_address': '0x7Fc66500c84A76Ad7e9c93437bFc5Ac33E2DDaE9'}",42,,,0.19395264,2022-09-10T16:48:00.000Z,"{'USD': {'price': 90.65260133056375, 'volume_24h': 141136215.8035607, 'volume_change_24h': 6.2768, 'percent_change_1h': 0.01200308, 'percent_change_24h': 0.06885188, 'percent_change_7d': 4.3805557, 'percent_change_30d': -15.88688713, 'percent_change_60d': 27.3761202, 'percent_change_90d': 20.107635, 'market_cap': 1277236416.628604, 'market_cap_dominance': 0.1223, 'fully_diluted_market_cap': 1450441621.29, 'tvl': 6585300518.889919, 'last_updated': '2022-09-10T16:48:00.000Z'}}"
6892,Elrond,EGLD,elrond-egld,120,2020-09-04T00:00:00.000Z,"['binance-launchpad', 'binance-labs-portfolio', 'electric-capital-portfolio', 'exnetwork-capital-portfolio', 'elrond-ecosystem', 'injective-ecosystem', 'bnb-chain']",31415926.0,23120755.12892951,23016298.0,,43,,,,2022-09-10T16:48:00.000Z,"{'USD': {'price': 53.84218722518027, 'volume_24h': 49426170.38526914, 'volume_change_24h': -12.0252, 'percent_change_1h': -0.07710291, 'percent_change_24h': 0.16653234, 'percent_change_7d': 3.9316629, 'percent_change_30d': -19.53182768, 'percent_change_60d': 6.73135072, 'percent_change_90d': 14.69635999, 'market_cap': 1244872026.4393697, 'market_cap_dominance': 0.1191, 'fully_diluted_market_cap': 1691502169.54, 'tvl': None, 'last_updated': '2022-09-10T16:48:00.000Z'}}"
3155,Quant,QNT,quant,102,2018-08-10T00:00:00.000Z,"['platform', 'interoperability']",14612493.0,12072738.0,14612493.080826,"{'id': 1027, 'name': 'Ethereum', 'symbol': 'ETH', 'slug': 'ethereum', 'token_address': '0x4a220e6096b25eadb88358cb44068a3248254675'}",44,,,,2022-09-10T16:48:00.000Z,"{'USD': {'price': 101.04688349817265, 'volume_24h': 19946796.50007481, 'volume_change_24h': -41.225, 'percent_change_1h': -0.32121961, 'percent_change_24h': -3.40812554, 'percent_change_7d': 9.14047438, 'percent_change_30d': -20.41807784, 'percent_change_60d': 20.00808197, 'percent_change_90d': 89.15142825, 'market_cap': 1219912550.189962, 'market_cap_dominance': 0.1168, 'fully_diluted_market_cap': 1476546877.79, 'tvl': None, 'last_updated': '2022-09-10T16:48:00.000Z'}}"
6783,Axie Infinity,AXS,axie-infinity,248,2020-08-31T00:00:00.000Z,"['collectibles-nfts', 'gaming', 'binance-launchpad', 'metaverse', 'defiance-capital-portfolio', 'play-to-earn', 'animoca-brands-portfolio']",270000000.0,83056186.67033975,270000000.0,"{'id': 1027, 'name': 'Ethereum', 'symbol': 'ETH', 'slug': 'ethereum', 'token_address': '0xbb0e17ef65f82ab018d8edd776e8dd940327b28b'}",45,,,,2022-09-10T16:48:00.000Z,"{'USD': {'price': 14.585661892354969, 'volume_24h': 102654640.83338402, 'volume_change_24h': -42.2643, 'percent_change_1h': 1.12779497, 'percent_change_24h': -1.35397976, 'percent_change_7d': -3.33635715, 'percent_change_30d': -21.73087396, 'percent_change_60d': 8.59524662, 'percent_change_90d': -6.97045526, 'market_cap': 1211429456.841895, 'market_cap_dominance': 0.1159, 'fully_diluted_market_cap': 3938128710.94, 'tvl': None, 'last_updated': '2022-09-10T16:48:00.000Z'}}"
4066,Chiliz,CHZ,chiliz,266,2019-07-01T00:00:00.000Z,"['sports', 'collectibles-nfts', 'content-creation', 'payments']",8888888888.0,6000386952.737894,8888888888.0,"{'id': 1027, 'name': 'Ethereum', 'symbol': 'ETH', 'slug': 'ethereum', 'token_address': '0x3506424f91fd33084466f402d5d97f05f8e3b4af'}",46,,,,2022-09-10T16:48:00.000Z,"{'USD': {'price': 0.19980044187097581, 'volume_24h': 271301965.7396566, 'volume_change_24h': -26.0479, 'percent_change_1h': -0.58020132, 'percent_change_24h': -1.16374286, 'percent_change_7d': -7.80275896, 'percent_change_30d': 31.64558652, 'percent_change_60d': 94.27604202, 'percent_change_90d': 91.80376264, 'market_cap': 1198879964.5538692, 'market_cap_dominance': 0.1148, 'fully_diluted_market_cap': 1776003927.56, 'tvl': None, 'last_updated': '2022-09-10T16:48:00.000Z'}}"
2416,Theta Network,THETA,theta-network,122,2018-01-17T00:00:00.000Z,"['media', 'collectibles-nfts', 'content-creation', 'defi', 'video', 'metaverse', 'huobi-capital-portfolio', 'web3']",1000000000.0,1000000000.0,1000000000.0,,47,,,,2022-09-10T16:48:00.000Z,"{'USD': {'price': 1.1825001347653725, 'volume_24h': 33274936.08089068, 'volume_change_24h': -20.4807, 'percent_change_1h': 0.40538801, 'percent_change_24h': 0.95477602, 'percent_change_7d': 3.50065104, 'percent_change_30d': -26.04588646, 'percent_change_60d': 3.04028194, 'percent_change_90d': 1.59852579, 'market_cap': 1182500134.7653725, 'market_cap_dominance': 0.1131, 'fully_diluted_market_cap': 1182500134.77, 'tvl': None, 'last_updated': '2022-09-10T16:48:00.000Z'}}"
2563,TrueUSD,TUSD,trueusd,301,2018-03-06T00:00:00.000Z,"['store-of-value', 'stablecoin', 'asset-backed-stablecoin', 'avalanche-ecosystem', 'arbitrum-ecosytem', 'bnb-chain', 'usd-stablecoin']",,1062610382.0575721,1227899013.9824455,"{'id': 1027, 'name': 'Ethereum', 'symbol': 'ETH', 'slug': 'ethereum', 'token_address': '0x0000000000085d4780B73119b644AE5ecd22b376'}",48,,,,2022-09-10T16:48:00.000Z,"{'USD': {'price': 1.0000037770109693, 'volume_24h': 100087671.99526931, 'volume_change_24h': -35.5069, 'percent_change_1h': 0.04099821, 'percent_change_24h': 0.02926085, 'percent_change_7d': 0.00285279, 'percent_change_30d': 0.0163888, 'percent_change_60d': -0.0563328, 'percent_change_90d': -0.07293714, 'market_cap': 1062614395.5486413, 'market_cap_dominance': 0.1016, 'fully_diluted_market_cap': 1227903651.77, 'tvl': None, 'last_updated': '2022-09-10T16:48:00.000Z'}}"
3602,Bitcoin SV,BSV,bitcoin-sv,180,2018-11-09T00:00:00.000Z,"['mineable', 'pow', 'sha-256', 'medium-of-exchange', 'store-of-value', 'state-channel']",21000000.0,19166039.14423905,19166039.14423905,,49,,,,2022-09-10T16:48:00.000Z,"{'USD': {'price': 54.77345730557306, 'volume_24h': 79852610.3322293, 'volume_change_24h': -21.0526, 'percent_change_1h': -0.15787236, 'percent_change_24h': -0.91759025, 'percent_change_7d': 4.30311364, 'percent_change_30d': -12.61233262, 'percent_change_60d': 7.32602747, 'percent_change_90d': 8.54874673, 'market_cap': 1049790226.7839196, 'market_cap_dominance': 0.1004, 'fully_diluted_market_cap': 1150242603.42, 'tvl': None, 'last_updated': '2022-09-10T16:48:00.000Z'}}"
1437,Zcash,ZEC,zcash,267,2016-10-29T00:00:00.000Z,"['mineable', 'pow', 'equihash', 'medium-of-exchange', 'privacy', 'zero-knowledge-proofs', 'binance-chain', 'boostvc-portfolio', 'dcg-portfolio', 'electric-capital-portfolio', 'fenbushi-capital-portfolio', 'hashkey-capital-portfolio', 'winklevoss-capital-portfolio', 'placeholder-ventures-portfolio', 'pantera-capital-portfolio', 'bnb-chain']",21000000.0,15234543.75,15234543.75,,50,,,,2022-09-10T16:48:00.000Z,"{'USD': {'price': 65.26496728609672, 'volume_24h': 68005216.01525608, 'volume_change_24h': -8.0194, 'percent_change_1h': 0.67335537, 'percent_change_24h': 1.33208453, 'percent_change_7d': 4.85662431, 'percent_change_30d': -17.88700954, 'percent_change_60d': 19.23364494, 'percent_change_90d': -17.74650645, 'market_cap': 994281999.4623592, 'market_cap_dominance': 0.0951, 'fully_diluted_market_cap': 1370564313.01, 'tvl': None, 'last_updated': '2022-09-10T16:48:00.000Z'}}"
3897,OKB,OKB,okb,75,2019-04-30T00:00:00.000Z,"['marketplace', 'centralized-exchange', 'discount-token', 'alameda-research-portfolio']",,60000000.0,300000000.0,"{'id': 1027, 'name': 'Ethereum', 'symbol': 'ETH', 'slug': 'ethereum', 'token_address': '0x75231f58b43240c9718dd58b4967c5114342a86c'}",51,,,,2022-09-10T16:48:00.000Z,"{'USD': {'price': 16.405062284699046, 'volume_24h': 22257817.77267869, 'volume_change_24h': -47.1119, 'percent_change_1h': 0.31851449, 'percent_change_24h': -0.60921137, 'percent_change_7d': 5.62918832, 'percent_change_30d': -13.47174272, 'percent_change_60d': 34.79185917, 'percent_change_90d': 39.60179193, 'market_cap': 984303737.0819428, 'market_cap_dominance': 0.0942, 'fully_diluted_market_cap': 4921518685.41, 'tvl': None, 'last_updated': '2022-09-10T16:48:00.000Z'}}"
2087,KuCoin Token,KCS,kucoin-token,39,2017-10-24T00:00:00.000Z,"['marketplace', 'centralized-exchange', 'discount-token', 'algorand-ecosystem']",170118638.0,98379860.95,145879861.0,,52,,,,2022-09-10T16:48:00.000Z,"{'USD': {'price': 9.719513848880577, 'volume_24h': 2630185.27887573, 'volume_change_24h': -8.5334, 'percent_change_1h': 0.50159568, 'percent_change_24h': 1.48208222, 'percent_change_7d': 6.30349216, 'percent_change_30d': -9.01906565, 'percent_change_60d': 9.56731088, 'percent_change_90d': -33.63490468, 'market_cap': 956204420.9544705, 'market_cap_dominance': 0.0915, 'fully_diluted_market_cap': 1653470457.99, 'tvl': None, 'last_updated': '2022-09-10T16:48:00.000Z'}}"
3330,Pax Dollar,USDP,paxos-standard,73,2018-09-27T00:00:00.000Z,"['store-of-value', 'stablecoin', 'asset-backed-stablecoin', 'bnb-chain', 'usd-stablecoin']",,945642940.11,945642940.11,"{'id': 1027, 'name': 'Ethereum', 'symbol': 'ETH', 'slug': 'ethereum', 'token_address': '0x8e870d67f660d95d5be530380d0ec0bd388289e1'}",53,,,,2022-09-10T16:48:00.000Z,"{'USD': {'price': 1.0010545502136616, 'volume_24h': 6377031.85487922, 'volume_change_24h': -17.3091, 'percent_change_1h': 0.12818263, 'percent_change_24h': 0.08956026, 'percent_change_7d': 0.10641324, 'percent_change_30d': -0.04702969, 'percent_change_60d': -0.1709402, 'percent_change_90d': -0.26348727, 'market_cap': 946640168.0745406, 'market_cap_dominance': 0.0906, 'fully_diluted_market_cap': 946640168.07, 'tvl': None, 'last_updated': '2022-09-10T16:48:00.000Z'}}"
16086,BitTorrent-New,BTT,bittorrent-new,84,2019-01-31T00:00:00.000Z,"['platform', 'distributed-computing', 'filesharing', 'interoperability', 'staking', 'tron-ecosystem', 'storage', 'binance-launchpad', 'binance-labs-portfolio', 'web3', 'bnb-chain']",,940054375000000.0,990000000000000.0,"{'id': 1958, 'name': 'TRON', 'symbol': 'TRX', 'slug': 'tron', 'token_address': 'TAFjULxiVgT4qWk6UZwjqwZXTSaGaqnVp4'}",54,,,,2022-09-10T16:48:00.000Z,"{'USD': {'price': 9.077267336617684e-07, 'volume_24h': 27067622.43165274, 'volume_change_24h': -11.3958, 'percent_change_1h': -0.15884948, 'percent_change_24h': -0.11992667, 'percent_change_7d': 3.34517596, 'percent_change_30d': -10.21678198, 'percent_change_60d': 9.53988927, 'percent_change_90d': -6.0320609, 'market_cap': 853312487.2832052, 'market_cap_dominance': 0.0817, 'fully_diluted_market_cap': 898649466.33, 'tvl': None, 'last_updated': '2022-09-10T16:48:00.000Z'}}"
10791,eCash,XEC,ecash,53,2021-07-08T00:00:00.000Z,[],21000000000000.0,19166767173303.0,18899704673313.0,,55,,,,2022-09-10T16:48:00.000Z,"{'USD': {'price': 4.4441912764058127e-05, 'volume_24h': 18149424.10939506, 'volume_change_24h': -61.3247, 'percent_change_1h': 0.62723379, 'percent_change_24h': 0.76877371, 'percent_change_7d': -0.06762278, 'percent_change_30d': -6.07931876, 'percent_change_60d': 16.12890057, 'percent_change_90d': 0.02527248, 'market_cap': 851807794.6849449, 'market_cap_dominance': 0.0815, 'fully_diluted_market_cap': 933280168.05, 'tvl': None, 'last_updated': '2022-09-10T16:48:00.000Z'}}"
1720,IOTA,MIOTA,iota,83,2017-06-13T00:00:00.000Z,"['dag', 'medium-of-exchange', 'iot', 'sharing-economy', 'bnb-chain']",2779530283.0,2779530283.0,2779530283.0,,56,,,,2022-09-10T16:48:00.000Z,"{'USD': {'price': 0.29392037985967956, 'volume_24h': 13578587.79949512, 'volume_change_24h': -17.433, 'percent_change_1h': 0.3711893, 'percent_change_24h': 1.76584674, 'percent_change_7d': 4.74164256, 'percent_change_30d': -17.36514144, 'percent_change_60d': 11.78659765, 'percent_change_90d': -1.13881763, 'market_cap': 816960596.6108426, 'market_cap_dominance': 0.0782, 'fully_diluted_market_cap': 816960596.61, 'tvl': None, 'last_updated': '2022-09-10T16:48:00.000Z'}}"
6719,The Graph,GRT,the-graph,236,2020-12-17T00:00:00.000Z,"['ai-big-data', 'enterprise-solutions', 'defi', 'coinbase-ventures-portfolio', 'solana-ecosystem', 'analytics', 'coinfund-portfolio', 'dcg-portfolio', 'fabric-ventures-portfolio', 'framework-ventures-portfolio', 'ledgerprime-portfolio', 'multicoin-capital-portfolio', 'parafi-capital', 'polygon-ecosystem', 'fantom-ecosystem', 'web3', 'near-protocol-ecosystem', 'arbitrum-ecosytem', 'spartan-group', 'injective-ecosystem']",10057044431.0,6900000000.0,10000000000.0,"{'id': 1027, 'name': 'Ethereum', 'symbol': 'ETH', 'slug': 'ethereum', 'token_address': '0xc944e90c64b2c07662a292be6244bdf05cda44a7'}",57,,,,2022-09-10T16:48:00.000Z,"{'USD': {'price': 0.11394805384481399, 'volume_24h': 46879325.00985646, 'volume_change_24h': -10.9039, 'percent_change_1h': 0.45485751, 'percent_change_24h': 3.61259297, 'percent_change_7d': 11.85903398, 'percent_change_30d': -19.78631927, 'percent_change_60d': 23.28154645, 'percent_change_90d': -5.58002636, 'market_cap': 786241571.5292165, 'market_cap_dominance': 0.0752, 'fully_diluted_market_cap': 1145980640.34, 'tvl': None, 'last_updated': '2022-09-10T16:48:00.000Z'}}"
20314,Terra,LUNA,terra-luna-v2,72,2022-05-26T12:47:26.000Z,[],0.0,127475474.310907,1004262701.0,,58,,,,2022-09-10T16:48:00.000Z,"{'USD': {'price': 5.969490591631248, 'volume_24h': 5120845988.717142, 'volume_change_24h': 22.1162, 'percent_change_1h': -0.24624616, 'percent_change_24h': -4.35511769, 'percent_change_7d': 225.49221734, 'percent_change_30d': 196.5102363, 'percent_change_60d': 213.3312467, 'percent_change_90d': 89.18206943, 'market_cap': 760963644.5626903, 'market_cap_dominance': 0.0728, 'fully_diluted_market_cap': 5994936745.15, 'tvl': None, 'last_updated': '2022-09-10T16:48:00.000Z'}}"
1518,Maker,MKR,maker,276,2017-01-29T00:00:00.000Z,"['store-of-value', 'defi', 'dao', 'polychain-capital-portfolio', 'governance', 'lending-borowing', 'dragonfly-capital-portfolio', 'electric-capital-portfolio', 'a16z-portfolio', '1confirmation-portfolio', 'placeholder-ventures-portfolio', 'pantera-capital-portfolio', 'paradigm-portfolio', 'near-protocol-ecosystem', 'arbitrum-ecosytem', 'spartan-group', 'bnb-chain']",1005577.0,977631.03695089,977631.03695089,"{'id': 1027, 'name': 'Ethereum', 'symbol': 'ETH', 'slug': 'ethereum', 'token_address': '0x9f8f72aa9304c8b593d555f12ef6589cc3a579a2'}",59,,,0.08754646,2022-09-10T16:48:00.000Z,"{'USD': {'price': 757.8633243360148, 'volume_24h': 31153831.64856924, 'volume_change_24h': -25.5485, 'percent_change_1h': 0.04425635, 'percent_change_24h': -1.64981508, 'percent_change_7d': 1.83381718, 'percent_change_30d': -30.99955857, 'percent_change_60d': -13.14297234, 'percent_change_90d': -20.8286071, 'market_cap': 740910707.6376668, 'market_cap_dominance': 0.071, 'fully_diluted_market_cap': 762089928.1, 'tvl': 8463057379.08438, 'last_updated': '2022-09-10T16:48:00.000Z'}}"
19891,USDD,USDD,usdd,78,2022-05-02T08:07:12.000Z,"['stablecoin', 'algorithmic-stablecoin', 'usd-stablecoin']",,725332036.841348,725332036.841348,"{'id': 1027, 'name': 'Ethereum', 'symbol': 'ETH', 'slug': 'ethereum', 'token_address': '0x0c10bf8fcb7bf5412187a595ab97a3609160b5c6'}",60,,,,2022-09-10T16:48:00.000Z,"{'USD': {'price': 0.9993642425626706, 'volume_24h': 71948086.8451194, 'volume_change_24h': -30.2722, 'percent_change_1h': 0.01411063, 'percent_change_24h': 0.06342149, 'percent_change_7d': -0.03498402, 'percent_change_30d': -0.04931363, 'percent_change_60d': 0.31173199, 'percent_change_90d': -0.04788671, 'market_cap': 724870901.6043929, 'market_cap_dominance': 0.0694, 'fully_diluted_market_cap': 724870901.6, 'tvl': None, 'last_updated': '2022-09-10T16:48:00.000Z'}}"
2502,Huobi Token,HT,huobi-token,110,2018-02-03T00:00:00.000Z,"['marketplace', 'centralized-exchange', 'discount-token', 'payments', 'algorand-ecosystem', 'kenetic-capital-portfolio', 'alameda-research-portfolio', 'multicoin-capital-portfolio']",500000000.0,153357694.25441208,500000000.0,"{'id': 1027, 'name': 'Ethereum', 'symbol': 'ETH', 'slug': 'ethereum', 'token_address': '0x6f259637dcd74c767781e37bc6133cd6a68aa161'}",61,,,,2022-09-10T16:48:00.000Z,"{'USD': {'price': 4.686260210897052, 'volume_24h': 11950066.81512089, 'volume_change_24h': -25.1222, 'percent_change_1h': -0.12373336, 'percent_change_24h': -1.58618273, 'percent_change_7d': -1.00776839, 'percent_change_30d': 4.4442861, 'percent_change_60d': 7.36142949, 'percent_change_90d': -31.93857257, 'market_cap': 718674060.6193668, 'market_cap_dominance': 0.0687, 'fully_diluted_market_cap': 2343130105.45, 'tvl': None, 'last_updated': '2022-09-10T16:48:00.000Z'}}"
2586,Synthetix,SNX,synthetix,289,2018-03-14T00:00:00.000Z,"['services', 'decentralized-exchange', 'defi', 'derivatives', 'dao', 'yield-farming', 'coinbase-ventures-portfolio', 'three-arrows-capital-portfolio', 'governance', 'synthetics', 'defiance-capital-portfolio', 'framework-ventures-portfolio', 'alameda-research-portfolio', 'parafi-capital', 'paradigm-portfolio', 'fantom-ecosystem', 'spartan-group', 'bnb-chain']",291657310.0,237934906.41383663,296283751.0387736,"{'id': 1027, 'name': 'Ethereum', 'symbol': 'ETH', 'slug': 'ethereum', 'token_address': '0xc011a73ee8576fb46f5e1c5751ca3b9fe0af2a6f'}",62,,,,2022-09-10T16:48:00.000Z,"{'USD': {'price': 2.9687448147784115, 'volume_24h': 76069727.80029315, 'volume_change_24h': 2.7294, 'percent_change_1h': -0.46929352, 'percent_change_24h': -1.36938653, 'percent_change_7d': 1.04294005, 'percent_change_30d': -27.3023288, 'percent_change_60d': 20.40115905, 'percent_change_90d': 30.01790919, 'market_cap': 706368019.6708641, 'market_cap_dominance': 0.0676, 'fully_diluted_market_cap': 865856126.75, 'tvl': None, 'last_updated': '2022-09-10T16:48:00.000Z'}}"
5665,Helium,HNT,helium,57,2020-06-05T00:00:00.000Z,"['mineable', 'enterprise-solutions', 'distributed-computing', 'iot', 'usv-portfolio', 'multicoin-capital-portfolio', 'web3']",223000000.0,125876842.52092092,223000000.0,,63,,,,2022-09-10T16:48:00.000Z,"{'USD': {'price': 5.597629710495733, 'volume_24h': 87987046.85628217, 'volume_change_24h': 73.3039, 'percent_change_1h': -5.33867043, 'percent_change_24h': 20.56877227, 'percent_change_7d': 22.95678461, 'percent_change_30d': -36.28999137, 'percent_change_60d': -36.37434862, 'percent_change_90d': -39.67224115, 'market_cap': 704611953.5584995, 'market_cap_dominance': 0.0674, 'fully_diluted_market_cap': 1248271425.44, 'tvl': None, 'last_updated': '2022-09-10T16:48:00.000Z'}}"
3513,Fantom,FTM,fantom,361,2018-10-29T00:00:00.000Z,"['platform', 'enterprise-solutions', 'defi', 'research', 'scaling', 'smart-contracts', 'fantom-ecosystem', 'injective-ecosystem']",3175000000.0,2545006273.0,2545006273.0,,64,,,,2022-09-10T16:48:00.000Z,"{'USD': {'price': 0.2739279908846858, 'volume_24h': 204213695.67476484, 'volume_change_24h': 17.1351, 'percent_change_1h': 0.46214558, 'percent_change_24h': 1.61589483, 'percent_change_7d': 1.92175384, 'percent_change_30d': -31.04285622, 'percent_change_60d': 10.89892896, 'percent_change_90d': 13.49433502, 'market_cap': 697148455.1518121, 'market_cap_dominance': 0.0667, 'fully_diluted_market_cap': 869721371.06, 'tvl': None, 'last_updated': '2022-09-10T16:48:00.000Z'}}"
1376,Neo,NEO,neo,250,2016-09-08T00:00:00.000Z,"['platform', 'enterprise-solutions', 'smart-contracts']",100000000.0,70538831.0,100000000.0,,65,,,,2022-09-10T16:48:00.000Z,"{'USD': {'price': 9.837196328970254, 'volume_24h': 51326171.20276563, 'volume_change_24h': -10.2139, 'percent_change_1h': 0.40762527, 'percent_change_24h': 2.12366797, 'percent_change_7d': 7.59389178, 'percent_change_30d': -18.80258262, 'percent_change_60d': 17.13828912, 'percent_change_90d': -17.81715353, 'market_cap': 693904329.3630532, 'market_cap_dominance': 0.0664, 'fully_diluted_market_cap': 983719632.9, 'tvl': None, 'last_updated': '2022-09-10T16:48:00.000Z'}}"
4256,Klaytn,KLAY,klaytn,120,2020-03-30T00:00:00.000Z,"['platform', 'enterprise-solutions', 'injective-ecosystem']",,3016607820.8,10782297980.8,,66,,,,2022-09-10T16:48:00.000Z,"{'USD': {'price': 0.22812449993547665, 'volume_24h': 37578765.24902578, 'volume_change_24h': -3.3064, 'percent_change_1h': -0.12867656, 'percent_change_24h': 1.55973073, 'percent_change_7d': -0.56216914, 'percent_change_30d': -23.96703549, 'percent_change_60d': 4.42333997, 'percent_change_90d': -25.95484355, 'market_cap': 688162150.621448, 'market_cap_dominance': 0.0658, 'fully_diluted_market_cap': 2459706335.03, 'tvl': None, 'last_updated': '2022-09-10T16:48:00.000Z'}}"
4157,THORChain,RUNE,thorchain,102,2019-07-23T00:00:00.000Z,"['cosmos-ecosystem', 'decentralized-exchange', 'defi', 'multicoin-capital-portfolio', 'exnetwork-capital-portfolio']",500000000.0,330688061.33445597,334937974.91478544,"{'id': 1839, 'name': 'BNB', 'symbol': 'BNB', 'slug': 'bnb', 'token_address': 'RUNE-B1A'}",67,308031945.0,614810403.6911556,4.96130116,2022-09-10T16:48:00.000Z,"{'USD': {'price': 1.9959306613187655, 'volume_24h': 65602194.13806625, 'volume_change_24h': -16.665, 'percent_change_1h': 0.55217192, 'percent_change_24h': 0.07215609, 'percent_change_7d': 5.53408175, 'percent_change_30d': -33.15551414, 'percent_change_60d': -4.6109033, 'percent_change_90d': -17.34740276, 'market_cap': 660030440.9495012, 'market_cap_dominance': 0.0631, 'fully_diluted_market_cap': 997965330.66, 'tvl': 133035754.08269, 'last_updated': '2022-09-10T16:48:00.000Z'}}"
5068,Neutrino USD,USDN,neutrino-usd,66,2020-01-30T00:00:00.000Z,"['defi', 'stablecoin', 'algorithmic-stablecoin', 'bnb-chain', 'usd-stablecoin']",,683231191.278152,683231795.3382221,"{'id': 1027, 'name': 'Ethereum', 'symbol': 'ETH', 'slug': 'ethereum', 'token_address': '0x674C6Ad92Fd080e4004b2312b45f796a192D27a0'}",68,,,,2022-09-10T16:48:00.000Z,"{'USD': {'price': 0.9431443838468698, 'volume_24h': 4428415.05680571, 'volume_change_24h': 5.3918, 'percent_change_1h': 0.13551042, 'percent_change_24h': 3.36678387, 'percent_change_7d': 0.07729452, 'percent_change_30d': -4.6451515, 'percent_change_60d': -4.81178076, 'percent_change_90d': -4.63343006, 'market_cap': 644385660.9229956, 'market_cap_dominance': 0.0617, 'fully_diluted_market_cap': 644386230.64, 'tvl': None, 'last_updated': '2022-09-10T16:48:00.000Z'}}"
6538,Curve DAO Token,CRV,curve-dao-token,338,2020-08-14T00:00:00.000Z,"['decentralized-exchange', 'defi', 'dao', 'yield-farming', 'amm', 'governance', 'framework-ventures-portfolio', 'alameda-research-portfolio', 'polygon-ecosystem', 'fantom-ecosystem', 'arbitrum-ecosytem']",3303030299.0,529125218.01601833,1818216350.265818,"{'id': 1027, 'name': 'Ethereum', 'symbol': 'ETH', 'slug': 'ethereum', 'token_address': '0xD533a949740bb3306d119CC777fa900bA034cd52'}",69,,,0.11093281,2022-09-10T16:48:00.000Z,"{'USD': {'price': 1.181917769766657, 'volume_24h': 95543496.50522658, 'volume_change_24h': -37.3002, 'percent_change_1h': 0.77285331, 'percent_change_24h': -1.59692403, 'percent_change_7d': 9.85107815, 'percent_change_30d': -15.56194272, 'percent_change_60d': 29.46797714, 'percent_change_90d': 27.2581563, 'market_cap': 625382497.6047885, 'market_cap_dominance': 0.0599, 'fully_diluted_market_cap': 3903910204.47, 'tvl': 5637488933.46801, 'last_updated': '2022-09-10T16:48:00.000Z'}}"
8000,Lido DAO,LDO,lido-dao,100,2020-12-15T00:00:00.000Z,"['defi', 'dao', 'three-arrows-capital-portfolio', 'paradigm-portfolio']",1000000000.0,312951153.95865756,1000000000.0,"{'id': 1027, 'name': 'Ethereum', 'symbol': 'ETH', 'slug': 'ethereum', 'token_address': '0x5a98fcbea516cf06857215779fd812ca3bef1b32'}",70,615029326.6482373,1211767814.6282258,0.08116708,2022-09-10T16:48:00.000Z,"{'USD': {'price': 1.970260217073014, 'volume_24h': 87870430.46572754, 'volume_change_24h': -22.1329, 'percent_change_1h': -0.80269608, 'percent_change_24h': -5.01613513, 'percent_change_7d': -3.58726345, 'percent_change_30d': -28.44661617, 'percent_change_60d': 211.16178535, 'percent_change_90d': 134.94784634, 'market_cap': 616595208.5318348, 'market_cap_dominance': 0.059, 'fully_diluted_market_cap': 1970260217.07, 'tvl': 7596616623.98423, 'last_updated': '2022-09-10T16:48:00.000Z'}}"
7129,TerraClassicUSD,USTC,terrausd,647,2020-09-21T00:00:00.000Z,"['cosmos-ecosystem', 'stablecoin', 'algorithmic-stablecoin', 'terra-ecosystem', 'injective-ecosystem', 'bnb-chain', 'usd-stablecoin']",,9815511220.758333,10254324365.51106,,71,,,,2022-09-10T16:48:00.000Z,"{'USD': {'price': 0.06229865445219287, 'volume_24h': 522448156.4966243, 'volume_change_24h': 139.4907, 'percent_change_1h': 0.86278478, 'percent_change_24h': 33.70796186, 'percent_change_7d': 96.90799604, 'percent_change_30d': 113.17498054, 'percent_change_60d': 41.67112165, 'percent_change_90d': 524.2511629, 'market_cap': 611493141.8136452, 'market_cap_dominance': 0.0586, 'fully_diluted_market_cap': 638830610.29, 'tvl': None, 'last_updated': '2022-09-10T16:48:00.000Z'}}"
7186,PancakeSwap,CAKE,pancakeswap,552,2020-09-25T00:00:00.000Z,"['collectibles-nfts', 'decentralized-exchange', 'defi', 'smart-contracts', 'yield-farming', 'amm', 'binance-smart-chain', 'dex', 'governance']",750000000.0,141879129.10180506,328336222.9424929,"{'id': 1839, 'name': 'BNB', 'symbol': 'BNB', 'slug': 'bnb', 'token_address': '0x0e09fabb73bd3ade0a17ecc321fd13a19e81ce82'}",72,,,0.20225984,2022-09-10T16:48:00.000Z,"{'USD': {'price': 4.29621171732334, 'volume_24h': 36547988.39599854, 'volume_change_24h': -17.4501, 'percent_change_1h': 0.28434047, 'percent_change_24h': 0.01539412, 'percent_change_7d': 7.61919823, 'percent_change_30d': -2.36792528, 'percent_change_60d': 43.20256531, 'percent_change_90d': 6.89539932, 'market_cap': 609542776.8908057, 'market_cap_dominance': 0.0583, 'fully_diluted_market_cap': 3222158787.99, 'tvl': 3013661863.90565, 'last_updated': '2022-09-10T16:48:00.000Z'}}"
4705,PAX Gold,PAXG,pax-gold,87,2019-09-26T00:00:00.000Z,"['bnb-chain', 'tokenized-gold']",,325209.481,325209.481,"{'id': 1027, 'name': 'Ethereum', 'symbol': 'ETH', 'slug': 'ethereum', 'token_address': '0x45804880de22913dafe09f4980848ece6ecbaf78'}",73,,,,2022-09-10T16:48:00.000Z,"{'USD': {'price': 1712.4924690398886, 'volume_24h': 8295341.98138257, 'volume_change_24h': -38.9975, 'percent_change_1h': 0.03075166, 'percent_change_24h': 0.01046637, 'percent_change_7d': 0.44798608, 'percent_change_30d': -4.00521892, 'percent_change_60d': -1.38106271, 'percent_change_90d': -9.24603034, 'market_cap': 556918787.0728709, 'market_cap_dominance': 0.0533, 'fully_diluted_market_cap': 556918787.07, 'tvl': None, 'last_updated': '2022-09-10T16:48:00.000Z'}}"
2577,Ravencoin,RVN,ravencoin,102,2018-03-10T00:00:00.000Z,"['mineable', 'pow', 'platform', 'crowdfunding']",21000000000.0,10473290000.0,10473290000.0,,74,,,,2022-09-10T16:48:00.000Z,"{'USD': {'price': 0.05312197090337898, 'volume_24h': 347112586.43038374, 'volume_change_24h': 107.3298, 'percent_change_1h': 2.37722691, 'percent_change_24h': 12.44729917, 'percent_change_7d': 86.71288518, 'percent_change_30d': 33.63558626, 'percent_change_60d': 140.58039877, 'percent_change_90d': 124.98408828, 'market_cap': 556361806.64265, 'market_cap_dominance': 0.0532, 'fully_diluted_market_cap': 1115561388.97, 'tvl': None, 'last_updated': '2022-09-10T16:48:00.000Z'}}"
2694,Nexo,NEXO,nexo,86,2018-05-01T00:00:00.000Z,"['services', 'payments', 'cardano-ecosystem']",1000000000.0,560000011.0,1000000000.0,"{'id': 1027, 'name': 'Ethereum', 'symbol': 'ETH', 'slug': 'ethereum', 'token_address': '0xb62132e35a6c13ee1ee0f84dc5d40bad8d815206'}",75,,,,2022-09-10T16:48:00.000Z,"{'USD': {'price': 0.9693430873447645, 'volume_24h': 12576887.61861311, 'volume_change_24h': -28.5366, 'percent_change_1h': 0.26966884, 'percent_change_24h': 2.02063592, 'percent_change_7d': -5.70598685, 'percent_change_30d': 1.60790667, 'percent_change_60d': 59.59340109, 'percent_change_90d': -3.11291759, 'market_cap': 542832139.575842, 'market_cap_dominance': 0.052, 'fully_diluted_market_cap': 969343087.34, 'tvl': None, 'last_updated': '2022-09-10T16:48:00.000Z'}}"
2130,Enjin Coin,ENJ,enjin-coin,265,2017-11-01T00:00:00.000Z,"['media', 'collectibles-nfts', 'gaming', 'ethereum-ecosystem', 'metaverse', 'arrington-xrp-capital-portfolio']",1000000000.0,1000000000.0,1000000000.0,"{'id': 1027, 'name': 'Ethereum', 'symbol': 'ETH', 'slug': 'ethereum', 'token_address': '0xf629cbd94d3791c9250152bd8dfbdf380e2a3b9c'}",76,,,,2022-09-10T16:48:00.000Z,"{'USD': {'price': 0.541244668573032, 'volume_24h': 61390236.42807128, 'volume_change_24h': 5.393, 'percent_change_1h': 0.48907246, 'percent_change_24h': 0.22315657, 'percent_change_7d': 4.92173333, 'percent_change_30d': -22.54266287, 'percent_change_60d': 10.5921924, 'percent_change_90d': 2.41544251, 'market_cap': 541244668.573032, 'market_cap_dominance': 0.0518, 'fully_diluted_market_cap': 541244668.57, 'tvl': None, 'last_updated': '2022-09-10T16:48:00.000Z'}}"
1274,Waves,WAVES,waves,200,2016-06-02T00:00:00.000Z,"['lpos', 'platform', 'smart-contracts']",,109292470.0,109292470.0,,78,,,,2022-09-10T16:48:00.000Z,"{'USD': {'price': 4.883742875472152, 'volume_24h': 383594957.06240416, 'volume_change_24h': 180.0873, 'percent_change_1h': 0.33099535, 'percent_change_24h': 5.02865577, 'percent_change_7d': 8.18222096, 'percent_change_30d': -20.31944616, 'percent_change_60d': -0.10317865, 'percent_change_90d': -16.47660645, 'market_cap': 533756321.70525396, 'market_cap_dominance': 0.0511, 'fully_diluted_market_cap': 533756321.71, 'tvl': None, 'last_updated': '2022-09-10T16:48:00.000Z'}}"
131,Dash,DASH,dash,350,2014-02-14T00:00:00.000Z,"['mineable', 'hybrid-pow-pos', 'x11', 'medium-of-exchange', 'masternodes', 'dao', 'governance']",18900000.0,10905736.59142877,10905736.59142877,,77,,,,2022-09-10T16:48:00.000Z,"{'USD': {'price': 48.99743833394625, 'volume_24h': 91818814.04795489, 'volume_change_24h': 8.3858, 'percent_change_1h': 0.17565385, 'percent_change_24h': 1.89630969, 'percent_change_7d': 5.16831517, 'percent_change_30d': -12.42574711, 'percent_change_60d': 17.85034953, 'percent_change_90d': 0.58763061, 'market_cap': 534353156.1247923, 'market_cap_dominance': 0.0511, 'fully_diluted_market_cap': 926051584.51, 'tvl': None, 'last_updated': '2022-09-10T16:48:00.000Z'}}"
1697,Basic Attention Token,BAT,basic-attention-token,326,2017-06-01T00:00:00.000Z,"['marketing', 'content-creation', 'defi', 'payments', 'dcg-portfolio', '1confirmation-portfolio', 'pantera-capital-portfolio', 'web3', 'bnb-chain']",1500000000.0,1493102345.4163349,1500000000.0,"{'id': 1027, 'name': 'Ethereum', 'symbol': 'ETH', 'slug': 'ethereum', 'token_address': '0x0d8775f648430679a709e98d2b0cb6250d2887ef'}",79,,,,2022-09-10T16:48:00.000Z,"{'USD': {'price': 0.3496721022556121, 'volume_24h': 41727614.47421429, 'volume_change_24h': -22.5457, 'percent_change_1h': 0.36070348, 'percent_change_24h': 0.37464638, 'percent_change_7d': 3.92112187, 'percent_change_30d': -24.67848402, 'percent_change_60d': -9.33649193, 'percent_change_90d': 7.39940541, 'market_cap': 522096236.00451493, 'market_cap_dominance': 0.05, 'fully_diluted_market_cap': 524508153.38, 'tvl': None, 'last_updated': '2022-09-10T16:48:00.000Z'}}"
4847,Stacks,STX,stacks,59,2019-10-28T00:00:00.000Z,"['mineable', 'platform', 'collectibles-nfts', 'defi', 'smart-contracts', 'metaverse', 'arrington-xrp-capital-portfolio', 'blockchain-capital-portfolio', 'dcg-portfolio', 'fabric-ventures-portfolio', 'hashkey-capital-portfolio', 'huobi-capital-portfolio', 'usv-portfolio', 'web3', 'injective-ecosystem']",1818000000.0,1332960880.716633,1352464600.0,,80,1048765672.087772,398473258.6445368,,2022-09-10T16:48:00.000Z,"{'USD': {'price': 0.3799449860437349, 'volume_24h': 14690022.52486245, 'volume_change_24h': -58.9584, 'percent_change_1h': 0.4918263, 'percent_change_24h': 0.37548527, 'percent_change_7d': 5.42798088, 'percent_change_30d': -24.7263596, 'percent_change_60d': 2.37104224, 'percent_change_90d': -14.38717954, 'market_cap': 506451803.2207257, 'market_cap_dominance': 0.0485, 'fully_diluted_market_cap': 690739984.63, 'tvl': None, 'last_updated': '2022-09-10T16:48:00.000Z'}}"
2469,Zilliqa,ZIL,zilliqa,217,2018-01-25T00:00:00.000Z,"['mineable', 'platform', 'payments', 'smart-contracts', 'polychain-capital-portfolio', 'metaverse', 'kenetic-capital-portfolio', 'zilliqa-ecosystem', 'bnb-chain']",21000000000.0,13275311010.79497,16566778163.79497,,81,,,,2022-09-10T16:48:00.000Z,"{'USD': {'price': 0.03730959788583059, 'volume_24h': 175941740.1849593, 'volume_change_24h': 12.1002, 'percent_change_1h': 0.37232625, 'percent_change_24h': 2.24742533, 'percent_change_7d': 4.23957823, 'percent_change_30d': -20.66589227, 'percent_change_60d': -0.82400252, 'percent_change_90d': -6.07615246, 'market_cap': 495296515.6220995, 'market_cap_dominance': 0.0474, 'fully_diluted_market_cap': 783501555.6, 'tvl': None, 'last_updated': '2022-09-10T16:48:00.000Z'}}"
1934,Loopring,LRC,loopring,225,2017-08-30T00:00:00.000Z,"['marketplace', 'decentralized-exchange', 'defi', 'zero-knowledge-proofs', 'scaling', 'smart-contracts', 'wallet', 'ethereum-ecosystem', 'amm', 'dex', 'layer-2', 'rollups', 'red-packets', 'web3', 'token', 'arbitrum-ecosytem']",1374513896.0,1330133545.5263836,1373873437.4424574,"{'id': 1027, 'name': 'Ethereum', 'symbol': 'ETH', 'slug': 'ethereum', 'token_address': '0xbbbbca6a901c926f240b89eacb641d8aec7aeafd'}",82,,,2.86301151,2022-09-10T16:48:00.000Z,"{'USD': {'price': 0.3630906389855976, 'volume_24h': 66291846.83467523, 'volume_change_24h': -9.4293, 'percent_change_1h': 0.30008415, 'percent_change_24h': 1.66913109, 'percent_change_7d': 2.71647913, 'percent_change_30d': -23.33394626, 'percent_change_60d': -6.1965564, 'percent_change_90d': -17.44619636, 'market_cap': 482959038.98135316, 'market_cap_dominance': 0.0462, 'fully_diluted_market_cap': 499073128.79, 'tvl': 168689171.39841, 'last_updated': '2022-09-10T16:48:00.000Z'}}"
4269,GateToken,GT,gatetoken,24,2019-08-20T00:00:00.000Z,"['marketplace', 'centralized-exchange', 'discount-token', 'algorand-ecosystem']",,108263842.26219943,300000000.0,"{'id': 1027, 'name': 'Ethereum', 'symbol': 'ETH', 'slug': 'ethereum', 'token_address': '0xe66747a101bff2dba3697199dcce5b743b454759'}",83,,,,2022-09-10T16:48:00.000Z,"{'USD': {'price': 4.236880643802829, 'volume_24h': 3354468.31964316, 'volume_change_24h': 10.0531, 'percent_change_1h': 0.18939043, 'percent_change_24h': 0.0005368, 'percent_change_7d': -0.3217331, 'percent_change_30d': -14.41992058, 'percent_change_60d': 9.90380302, 'percent_change_90d': -15.24801412, 'market_cap': 458700977.70443547, 'market_cap_dominance': 0.0439, 'fully_diluted_market_cap': 1271064193.14, 'tvl': None, 'last_updated': '2022-09-10T16:48:00.000Z'}}"
8646,Mina,MINA,mina,69,2021-03-02T00:00:00.000Z,"['pos', 'zero-knowledge-proofs', 'staking', 'coinbase-ventures-portfolio', 'three-arrows-capital-portfolio', 'polychain-capital-portfolio']",,670215888.8400393,824104972.0,,84,,,,2022-09-10T16:48:00.000Z,"{'USD': {'price': 0.6813698912254644, 'volume_24h': 12067006.28064993, 'volume_change_24h': -27.2293, 'percent_change_1h': 0.52805538, 'percent_change_24h': 0.11928452, 'percent_change_7d': 3.50640687, 'percent_change_30d': -27.18008239, 'percent_change_60d': 2.19790333, 'percent_change_90d': 1.36814608, 'market_cap': 456664927.2765155, 'market_cap_dominance': 0.0437, 'fully_diluted_market_cap': 561520315.13, 'tvl': None, 'last_updated': '2022-09-10T16:48:00.000Z'}}"
2083,Bitcoin Gold,BTG,bitcoin-gold,67,2017-10-23T00:00:00.000Z,"['mineable', 'medium-of-exchange', 'payments']",21000000.0,17513923.589,17513923.589,,85,,,,2022-09-10T16:48:00.000Z,"{'USD': {'price': 25.79981460940028, 'volume_24h': 43789837.43668123, 'volume_change_24h': -45.8412, 'percent_change_1h': -0.31087226, 'percent_change_24h': -0.81827917, 'percent_change_7d': 15.31289557, 'percent_change_30d': -16.54704446, 'percent_change_60d': 70.87450302, 'percent_change_90d': 40.60174568, 'market_cap': 451855981.6794024, 'market_cap_dominance': 0.0433, 'fully_diluted_market_cap': 541796106.8, 'tvl': None, 'last_updated': '2022-09-10T16:48:00.000Z'}}"
18069,STEPN,GMT,green-metaverse-token,147,2022-03-09T12:47:15.000Z,"['collectibles-nfts', 'gaming', 'binance-smart-chain', 'binance-launchpad', 'solana-ecosystem', 'bnb-chain', 'move-to-earn']",6000000000.0,600000000.0,6000000000.0,"{'id': 1839, 'name': 'BNB', 'symbol': 'BNB', 'slug': 'bnb', 'token_address': '0x3019BF2a2eF8040C242C9a4c5c4BD4C81678b2A1'}",86,,,,2022-09-10T16:48:00.000Z,"{'USD': {'price': 0.7424390325834396, 'volume_24h': 283580166.9769313, 'volume_change_24h': 99.4641, 'percent_change_1h': 0.02185616, 'percent_change_24h': 2.39796481, 'percent_change_7d': 9.97539538, 'percent_change_30d': -24.53556731, 'percent_change_60d': -14.90748308, 'percent_change_90d': 1.29489234, 'market_cap': 445463419.5500637, 'market_cap_dominance': 0.0426, 'fully_diluted_market_cap': 4454634195.5, 'tvl': None, 'last_updated': '2022-09-10T16:48:00.000Z'}}"
5034,Kusama,KSM,kusama,148,2019-12-12T00:00:00.000Z,"['substrate', 'polkadot-ecosystem', 'cms-holdings-portfolio', 'kenetic-capital-portfolio', '1confirmation-portfolio', 'vbc-ventures-portfolio']",,8470098.05726206,9651217.45126206,,87,8597992.0,446566189.17163545,,2022-09-10T16:48:00.000Z,"{'USD': {'price': 51.93842808549199, 'volume_24h': 31599596.70216056, 'volume_change_24h': 2.6699, 'percent_change_1h': 0.41833022, 'percent_change_24h': -1.03528514, 'percent_change_7d': 6.67119231, 'percent_change_30d': -17.11748735, 'percent_change_60d': 7.33476934, 'percent_change_90d': -4.64777976, 'market_cap': 439923578.8241709, 'market_cap_dominance': 0.0421, 'fully_diluted_market_cap': 501269063.53, 'tvl': None, 'last_updated': '2022-09-10T16:48:00.000Z'}}"
4846,Kava,KAVA,kava,86,2019-10-25T00:00:00.000Z,"['cosmos-ecosystem', 'defi', 'binance-launchpad', 'binance-labs-portfolio', 'lending-borowing', 'arrington-xrp-capital-portfolio', 'framework-ventures-portfolio', 'hashkey-capital-portfolio', 'injective-ecosystem']",,250874925.0,253359299.0,"{'id': 1027, 'name': 'Ethereum', 'symbol': 'ETH', 'slug': 'ethereum', 'token_address': '0x0C356B7fD36a5357E5A017EF11887ba100C9AB76'}",88,268352202.0,463159293.37467825,2.57033656,2022-09-10T16:48:00.000Z,"{'USD': {'price': 1.725938113877218, 'volume_24h': 22596532.74085557, 'volume_change_24h': -16.1362, 'percent_change_1h': 0.5176579, 'percent_change_24h': -0.81379721, 'percent_change_7d': 2.29939492, 'percent_change_30d': -25.06866025, 'percent_change_60d': 3.27402665, 'percent_change_90d': -15.17645526, 'market_cap': 432994594.87358856, 'market_cap_dominance': 0.0415, 'fully_diluted_market_cap': 437282470.65, 'tvl': 168458326.27847, 'last_updated': '2022-09-10T16:48:00.000Z'}}"
1659,Gnosis,GNO,gnosis-gno,82,2017-05-01T00:00:00.000Z,"['services', 'decentralized-exchange', 'defi', 'prediction-markets', 'kenetic-capital-portfolio', 'arbitrum-ecosytem']",10000000.0,2579588.0,3000000.0,"{'id': 1027, 'name': 'Ethereum', 'symbol': 'ETH', 'slug': 'ethereum', 'token_address': '0x6810e776880c02933d47db1b9fc05908e5386b96'}",89,,,19.32674646,2022-09-10T16:48:00.000Z,"{'USD': {'price': 167.68683158972613, 'volume_24h': 2372955.07173149, 'volume_change_24h': -42.3305, 'percent_change_1h': 0.02733394, 'percent_change_24h': 0.50956369, 'percent_change_7d': 9.08718175, 'percent_change_30d': -8.2069387, 'percent_change_60d': 53.0917053, 'percent_change_90d': 4.75168065, 'market_cap': 432562938.5268784, 'market_cap_dominance': 0.0414, 'fully_diluted_market_cap': 1676868315.9, 'tvl': 22381570.50239149, 'last_updated': '2022-09-10T16:48:00.000Z'}}"
1168,Decred,DCR,decred,59,2016-02-10T00:00:00.000Z,"['mineable', 'hybrid-pow-pos', 'blake256', 'medium-of-exchange', 'store-of-value', 'privacy', 'dao', 'placeholder-ventures-portfolio']",21000000.0,14337184.20395454,14185885.35481751,,90,,,,2022-09-10T16:48:00.000Z,"{'USD': {'price': 30.05858896010672, 'volume_24h': 2306848.00552031, 'volume_change_24h': -61.4715, 'percent_change_1h': 0.10519158, 'percent_change_24h': 0.28483021, 'percent_change_7d': -0.06351617, 'percent_change_30d': -16.08953795, 'percent_change_60d': 39.61018242, 'percent_change_90d': -1.85434539, 'market_cap': 430955526.8320044, 'market_cap_dominance': 0.0412, 'fully_diluted_market_cap': 631230368.16, 'tvl': None, 'last_updated': '2022-09-10T16:48:00.000Z'}}"
5964,Trust Wallet Token,TWT,trust-wallet-token,73,2020-07-30T00:00:00.000Z,"['polygon-ecosystem', 'bnb-chain']",1000000000.0,416649900.0,999668148.0,"{'id': 1839, 'name': 'BNB', 'symbol': 'BNB', 'slug': 'bnb', 'token_address': '0x4b0f1812e5df2a09796481ff14017e6005508003'}",91,416649900.0,424671031.0102182,,2022-09-10T16:48:00.000Z,"{'USD': {'price': 1.0192514891044453, 'volume_24h': 6737056.72918299, 'volume_change_24h': -42.6665, 'percent_change_1h': 0.51469277, 'percent_change_24h': -1.80794136, 'percent_change_7d': 6.19498847, 'percent_change_30d': -10.03329993, 'percent_change_60d': 31.79710147, 'percent_change_90d': 65.18545775, 'market_cap': 424671031.0102182, 'market_cap_dominance': 0.0406, 'fully_diluted_market_cap': 1019251489.1, 'tvl': None, 'last_updated': '2022-09-10T16:48:00.000Z'}}"
8642,Fei USD,FEI,fei-usd,55,2021-03-02T00:00:00.000Z,"['defi', 'stablecoin', 'algorithmic-stablecoin']",,424996177.78890556,426116732.6917724,"{'id': 1027, 'name': 'Ethereum', 'symbol': 'ETH', 'slug': 'ethereum', 'token_address': '0x956F47F50A910163D8BF957Cf5846D573E7f87CA'}",92,,,2280.9206453,2022-09-10T16:48:00.000Z,"{'USD': {'price': 0.9821770662964562, 'volume_24h': 465729.39841998, 'volume_change_24h': -73.4006, 'percent_change_1h': 0.11121832, 'percent_change_24h': -1.0944526, 'percent_change_7d': -0.52837128, 'percent_change_30d': -1.01431023, 'percent_change_60d': -0.8630105, 'percent_change_90d': -1.00746517, 'market_cap': 417421499.08791435, 'market_cap_dominance': 0.04, 'fully_diluted_market_cap': 418522082.42, 'tvl': 183005.70866, 'last_updated': '2022-09-10T16:48:00.000Z'}}"
5567,Celo,CELO,celo,118,2020-05-22T00:00:00.000Z,"['pos', 'zero-knowledge-proofs', 'mobile', 'payments', 'smart-contracts', 'coinbase-ventures-portfolio', 'polychain-capital-portfolio', 'dragonfly-capital-portfolio', 'electric-capital-portfolio', 'a16z-portfolio', 'celo-ecosystem']",1000000000.0,462324704.0,1000000000.0,,93,,,,2022-09-10T16:48:00.000Z,"{'USD': {'price': 0.882918687061131, 'volume_24h': 16674543.1364405, 'volume_change_24h': 1.5349, 'percent_change_1h': 0.30126952, 'percent_change_24h': 0.8031804, 'percent_change_7d': 6.75646169, 'percent_change_30d': -22.67416253, 'percent_change_60d': 4.19476878, 'percent_change_90d': -15.4224397, 'market_cap': 408195120.651606, 'market_cap_dominance': 0.0391, 'fully_diluted_market_cap': 882918687.06, 'tvl': None, 'last_updated': '2022-09-10T16:48:00.000Z'}}"
873,NEM,XEM,nem,127,2015-04-01T00:00:00.000Z,"['poi', 'medium-of-exchange', 'payments', 'smart-contracts', 'fantom-ecosystem']",8999999999.0,8999999999.0,8999999999.0,,94,,,,2022-09-10T16:48:00.000Z,"{'USD': {'price': 0.045315173923352055, 'volume_24h': 11393419.81550218, 'volume_change_24h': -23.8469, 'percent_change_1h': 0.29214479, 'percent_change_24h': -0.03289853, 'percent_change_7d': 4.23592395, 'percent_change_30d': -16.38232851, 'percent_change_60d': 17.62615054, 'percent_change_90d': 2.04515914, 'market_cap': 407836565.2648533, 'market_cap_dominance': 0.039, 'fully_diluted_market_cap': 407836565.26, 'tvl': None, 'last_updated': '2022-09-10T16:48:00.000Z'}}"
5692,Compound,COMP,compound,292,2020-06-16T00:00:00.000Z,"['defi', 'dao', 'yield-farming', 'polkadot-ecosystem', 'coinbase-ventures-portfolio', 'three-arrows-capital-portfolio', 'polychain-capital-portfolio', 'lending-borowing', 'dragonfly-capital-portfolio', 'alameda-research-portfolio', 'a16z-portfolio', 'pantera-capital-portfolio', 'paradigm-portfolio', 'arbitrum-ecosytem', 'bnb-chain']",10000000.0,7260565.73199971,10000000.0,"{'id': 1027, 'name': 'Ethereum', 'symbol': 'ETH', 'slug': 'ethereum', 'token_address': '0xc00e94cb662c3520282e6f5717214004a7f26888'}",95,,,0.16230632,2022-09-10T16:48:00.000Z,"{'USD': {'price': 52.99123577163644, 'volume_24h': 36713112.77372804, 'volume_change_24h': 5.0422, 'percent_change_1h': 0.01817367, 'percent_change_24h': 4.01819828, 'percent_change_7d': 11.92620707, 'percent_change_30d': -17.02653079, 'percent_change_60d': 8.99975589, 'percent_change_90d': 19.34691847, 'market_cap': 384746350.5398607, 'market_cap_dominance': 0.0368, 'fully_diluted_market_cap': 529912357.72, 'tvl': 2370495129.46712, 'last_updated': '2022-09-10T16:48:00.000Z'}}"
8104,1inch Network,1INCH,1inch,268,2020-12-25T00:00:00.000Z,"['decentralized-exchange', 'defi', 'amm', 'binance-labs-portfolio', 'blockchain-capital-portfolio', 'dragonfly-capital-portfolio', 'fabric-ventures-portfolio', 'alameda-research-portfolio', 'parafi-capital', 'spartan-group', 'bnb-chain']",,583854158.43078,1500000000.0,"{'id': 1027, 'name': 'Ethereum', 'symbol': 'ETH', 'slug': 'ethereum', 'token_address': '0x111111111117dc0aa78b770fa6a738034120c302'}",96,583853475.2894648,380594275.21545976,,2022-09-10T16:48:00.000Z,"{'USD': {'price': 0.6518660782600763, 'volume_24h': 48602004.88756307, 'volume_change_24h': 33.3627, 'percent_change_1h': -0.48950136, 'percent_change_24h': -0.58040556, 'percent_change_7d': -5.02276704, 'percent_change_30d': -24.91899044, 'percent_change_60d': 11.15160227, 'percent_change_90d': -4.99630442, 'market_cap': 380594720.53210986, 'market_cap_dominance': 0.0364, 'fully_diluted_market_cap': 977799117.39, 'tvl': None, 'last_updated': '2022-09-10T16:48:00.000Z'}}"
5632,Arweave,AR,arweave,68,2020-05-27T00:00:00.000Z,"['distributed-computing', 'filesharing', 'storage', 'coinbase-ventures-portfolio', 'solana-ecosystem', 'arrington-xrp-capital-portfolio', 'blockchain-capital-portfolio', 'a16z-portfolio', 'multicoin-capital-portfolio', 'web3']",66000000.0,33394701.0,63190435.0,,97,,,,2022-09-10T16:48:00.000Z,"{'USD': {'price': 11.322420147553258, 'volume_24h': 16946382.12162147, 'volume_change_24h': -43.5824, 'percent_change_1h': 1.82759472, 'percent_change_24h': 0.91158835, 'percent_change_7d': 11.39828621, 'percent_change_30d': -24.82867776, 'percent_change_60d': 2.16204685, 'percent_change_90d': 4.09726009, 'market_cap': 378108835.42391694, 'market_cap_dominance': 0.0362, 'fully_diluted_market_cap': 747279729.74, 'tvl': None, 'last_updated': '2022-09-10T16:48:00.000Z'}}"
2682,Holo,HOT,holo,125,2018-04-29T00:00:00.000Z,"['platform', 'distributed-computing', 'filesharing', 'storage']",,173342974126.73712,177619433541.14133,"{'id': 1027, 'name': 'Ethereum', 'symbol': 'ETH', 'slug': 'ethereum', 'token_address': '0x6c6ee5e31d828de241282b9606c8e98ea48526e2'}",98,,,,2022-09-10T16:48:00.000Z,"{'USD': {'price': 0.0021638225970358254, 'volume_24h': 30957618.84880263, 'volume_change_24h': -0.5236, 'percent_change_1h': -0.0166847, 'percent_change_24h': 0.31534244, 'percent_change_7d': 5.40355574, 'percent_change_30d': -16.78239246, 'percent_change_60d': 10.06332355, 'percent_change_90d': -0.9636714, 'market_cap': 375083444.4528302, 'market_cap_dominance': 0.0359, 'fully_diluted_market_cap': 384336943.97, 'tvl': None, 'last_updated': '2022-09-10T16:48:00.000Z'}}"
5864,yearn.finance,YFI,yearn-finance,311,2020-07-18T00:00:00.000Z,"['defi', 'dao', 'yield-farming', 'yield-aggregator', 'yearn-partnerships', 'three-arrows-capital-portfolio', 'polychain-capital-portfolio', 'governance', 'blockchain-capital-portfolio', 'framework-ventures-portfolio', 'alameda-research-portfolio', 'parafi-capital', 'fantom-ecosystem', 'arbitrum-ecosytem', 'bnb-chain']",36666.0,36637.72122588,36666.0,"{'id': 1027, 'name': 'Ethereum', 'symbol': 'ETH', 'slug': 'ethereum', 'token_address': '0x0bc529c00c6401aef6d220be8c6ea1667f6ad93e'}",99,,,0.71236367,2022-09-10T16:48:00.000Z,"{'USD': {'price': 10225.640159219904, 'volume_24h': 77152306.54379839, 'volume_change_24h': -49.7413, 'percent_change_1h': 0.29274611, 'percent_change_24h': -0.84192731, 'percent_change_7d': 5.67731896, 'percent_change_30d': -9.66656993, 'percent_change_60d': 78.2446384, 'percent_change_90d': 60.70826057, 'market_cap': 374644153.509662, 'market_cap_dominance': 0.0359, 'fully_diluted_market_cap': 374933322.08, 'tvl': 525916983.90334, 'last_updated': '2022-09-10T16:48:00.000Z'}}"
9903,Convex Finance,CVX,convex-finance,118,2021-05-18T00:00:00.000Z,"['defi', 'yield-aggregator']",100000000.0,67522106.38757369,94452751.11015832,"{'id': 1027, 'name': 'Ethereum', 'symbol': 'ETH', 'slug': 'ethereum', 'token_address': '0x4e3fbd56cd56c3e72c1403e103b45db9da5b9d2b'}",100,2814665.0,15571292.0511522,0.0919495,2022-09-10T16:48:00.000Z,"{'USD': {'price': 5.532200830703547, 'volume_24h': 10663371.94842645, 'volume_change_24h': -0.5677, 'percent_change_1h': 0.04176694, 'percent_change_24h': 0.48406298, 'percent_change_7d': 6.96600029, 'percent_change_30d': -27.69543522, 'percent_change_60d': 1.3152527, 'percent_change_90d': 2.66305312, 'market_cap': 373545853.04818845, 'market_cap_dominance': 0.0357, 'fully_diluted_market_cap': 553220083.07, 'tvl': 4062510951.31387, 'last_updated': '2022-09-10T16:48:00.000Z'}}"
